ostan,shahrestan,bakhsh,fam,pop,m,f,lat,lon
مرکزي,اراک,مرکزي,179582,565357,286833,278524,35.9929045,52.94912620817931
مرکزي,اراک,ساروق,3373,10491,5318,5173,34.3918838,49.4278054676798
مرکزي,اراک,معصوميه,5207,15889,8076,7813,34.14869125,50.111871225
مرکزي,آشتيان,مرکزي,5582,16357,8238,8119,35.9929045,52.94912620817931
مرکزي,تفرش,مرکزي,8588,24913,12390,12523,35.9929045,52.94912620817931
مرکزي,خمين,مرکزي,30913,94109,47478,46631,35.9929045,52.94912620817931
مرکزي,خمين,کمره,3698,10908,5498,5410,33.669786200000004,49.83327709944115
مرکزي,دليجان,مرکزي,16453,51621,26372,25249,35.9929045,52.94912620817931
مرکزي,ساوه,مرکزي,78635,259354,132786,126568,35.9929045,52.94912620817931
مرکزي,ساوه,نوبران,8807,24182,12083,12099,35.155515550000004,49.742173441379194
مرکزي,شازند,مرکزي,14992,45840,22946,22894,35.9929045,52.94912620817931
مرکزي,شازند,سربند,3520,10214,5034,5180,33.7527063,49.184466860488065
مرکزي,شازند,زاليان,13766,43398,21975,21423,34.0192695,49.28770244010844
مرکزي,شازند,قره کهريز,5936,18119,9183,8936,33.84375135,49.56599155239988
مرکزي,محلات,مرکزي,18436,55342,28063,27279,35.9929045,52.94912620817931
مرکزي,زرنديه,خرقان,3389,10055,5064,4991,35.37303635,49.85814187943611
مرکزي,زرنديه,مرکزي,17094,53852,27393,26459,35.9929045,52.94912620817931
مرکزي,کميجان,مرکزي,6787,21186,10589,10597,35.9929045,52.94912620817931
مرکزي,کميجان,ميلاجرد,4552,15255,7896,7359,34.7087011,49.19488483605127
مرکزي,خنداب,قره چاي,9682,29872,15250,14622,34.2528523,49.32457648295892
مرکزي,خنداب,مرکزي,7110,24146,12612,11534,35.9929045,52.94912620817931
مرکزي,فراهان,مرکزي,5685,16237,8138,8099,35.9929045,52.94912620817931
مرکزي,فراهان,خنجين,4059,12757,6516,6241,34.7699461,49.54680082672588
گيلان,آستارا,مركزئ,21920,68443,34433,34010,34.9970417,50.289292719649126
گيلان,آستارا,لوندويل,6822,22814,11425,11389,38.304666600000004,48.92446824975918
گيلان,آستانه اشرفيه,كياشهر,11999,33085,16750,16335,#,#
گيلان,آستانه اشرفيه,مركزئ,26825,75045,37617,37428,34.9970417,50.289292719649126
گيلان,بندرانزلي,مركزئ,48192,139015,69227,69788,34.9970417,50.289292719649126
گيلان,طوالش,مركزئ,29589,97982,49382,48600,34.9970417,50.289292719649126
گيلان,طوالش,کرگانرود,8459,26508,13278,13230,#,#
گيلان,طوالش,اسالم,13078,42219,21257,20962,37.65446815,48.82007148116358
گيلان,طوالش,حويق,9929,33940,17305,16635,38.183932299999995,48.902675364252474
گيلان,رشت,خمام,18948,54860,27812,27048,37.43307425,49.634237317611486
گيلان,رشت,سنگر,19319,57303,29005,28298,37.14334705,49.700664924750235
گيلان,رشت,كوچصفهان,16074,45823,23130,22693,#,#
گيلان,رشت,لشت نشاء,11479,31894,16123,15771,37.425716300000005,49.86381729343506
گيلان,رشت,مركزئ,246759,740985,369424,371561,34.9970417,50.289292719649126
گيلان,رشت,خشكبيجار,9122,26102,13180,12922,#,#
گيلان,رودبار,رحمت آبادوبلوكات,5041,14891,7403,7488,#,#
گيلان,رودبار,عمارلو,2589,7208,3597,3611,36.68349215,49.92109397350435
گيلان,رودبار,مركزئ,20167,63336,32338,30998,34.9970417,50.289292719649126
گيلان,رودبار,خورگام,3348,9284,4597,4687,36.8055373,49.74609190046196
گيلان,رودسر,رحيم آباد,10304,30166,15158,15008,36.8299275,50.27893958326378
گيلان,رودسر,مركزئ,20772,58592,29292,29300,34.9970417,50.289292719649126
گيلان,رودسر,چابكسر,8662,25004,12577,12427,#,#
گيلان,رودسر,كلاچائ,11847,33636,16683,16953,#,#
گيلان,صومعه سرا,تولم,8769,25791,12980,12811,37.33103305,49.43338893254916
گيلان,صومعه سرا,مركزئ,26192,78144,38928,39216,34.9970417,50.289292719649126
گيلان,صومعه سرا,ميرزاكوچك جنگلي,7014,21139,10409,10730,#,#
گيلان,فومن,مركزئ,27038,80120,40090,40030,34.9970417,50.289292719649126
گيلان,فومن,سردارجنگل,4169,12188,6037,6151,37.2166767,49.060923919029065
گيلان,لنگرود,مركزئ,35917,103282,51795,51487,34.9970417,50.289292719649126
گيلان,لنگرود,اطاقور,4577,12774,6486,6288,37.0437591,50.02808295134477
گيلان,لنگرود,كومله,8857,24630,12394,12236,#,#
گيلان,لاهيجان,مركزئ,49729,144292,72338,71954,34.9970417,50.289292719649126
گيلان,لاهيجان,رودبنه,8649,23252,11857,11395,37.33601835,50.20712433849101
گيلان,شفت,احمدسرگوراب,7472,21823,10972,10851,37.135167550000006,49.37290005139745
گيلان,شفت,مركزئ,10944,32403,16240,16163,34.9970417,50.289292719649126
گيلان,املش,رانكوه,5357,14804,7494,7310,#,#
گيلان,املش,مركزئ,9949,28421,14067,14354,34.9970417,50.289292719649126
گيلان,رضوانشهر,پره سر,8961,28251,14172,14079,37.5551599,48.926999452503814
گيلان,رضوانشهر,مركزئ,13285,41614,20802,20812,34.9970417,50.289292719649126
گيلان,سياهكل,ديلمان,3804,10597,5297,5300,36.845143300000004,49.93510797448531
گيلان,سياهكل,مركزئ,12546,36377,17980,18397,34.9970417,50.289292719649126
گيلان,ماسال,شاندرمن,6955,22007,10938,11069,37.41168185,49.00786100042909
گيلان,ماسال,مركزئ,9946,30642,15318,15324,34.9970417,50.289292719649126
مازندران,آمل,لاريجان,3135,8684,4531,4153,35.93105175,52.12674261146882
مازندران,آمل,مركزئ,98147,296800,148913,147887,34.9970417,50.289292719649126
مازندران,آمل,دابودشت,13303,39476,20229,19247,36.567748699999996,52.4692465487128
مازندران,آمل,امامزاده عبدالله,5637,17791,9080,8711,35.5205843,52.9281289
مازندران,آمل,دشت سر,12812,38888,19749,19139,36.349715700000004,52.43498876991765
مازندران,بابل,بندپي غربي,8911,26233,13243,12990,36.34263045,52.54657751233691
مازندران,بابل,مركزئ,113687,349098,175623,173475,34.9970417,50.289292719649126
مازندران,بابل,بندپي شرقي,11301,35232,17812,17420,36.1241134,52.651542447457466
مازندران,بابل,بابل كنار,8692,25170,12496,12674,#,#
مازندران,بابل,لاله آباد,16262,49142,24939,24203,36.51885285,52.584295633585384
مازندران,بابل,گتاب,15497,47054,23663,23391,36.4113829,52.64053862651704
مازندران,بهشهر,مركزئ,51273,157097,79361,77736,34.9970417,50.289292719649126
مازندران,بهشهر,يانه سر,3867,11672,5958,5714,36.54668435,53.93362552143692
مازندران,تنكابن,مركزئ,33808,99190,49226,49964,34.9970417,50.289292719649126
مازندران,تنكابن,نشتا,8716,25935,13228,12707,36.68834175,51.00184654537725
مازندران,تنكابن,خرم آباد,14111,41006,20758,20248,36.51844895,50.7887320913557
مازندران,رامسر,مركزئ,25312,74179,37220,36959,34.9970417,50.289292719649126
مازندران,سارئ,چهاردانگه,6035,17376,8659,8717,36.22744865,53.64538530209825
مازندران,سارئ,دودانگه,2870,7653,3707,3946,36.10395445,53.246451277581215
مازندران,سارئ,مركزئ,140492,429620,214751,214869,34.9970417,50.289292719649126
مازندران,سارئ,كليجان رستاق,4295,12024,5893,6131,#,#
مازندران,سارئ,رودپي,7341,22126,11378,10748,36.662781249999995,53.051523048416804
مازندران,سارئ,رودپي شمالي,4432,15496,9061,6435,36.79332045,53.083410492432584
مازندران,سوادكوه,مركزئ,7831,22537,11468,11069,34.9970417,50.289292719649126
مازندران,سوادكوه,زيرآب,7125,21376,10729,10647,36.24249185,53.01665943279242
مازندران,قائم شهر,مركزئ,102949,309198,155246,153952,34.9970417,50.289292719649126
مازندران,نور,بلده,2946,7630,3835,3795,36.1655478,51.80124956601688
مازندران,نور,چمستان,14187,44300,22364,21936,36.4036086,52.1245168821719
مازندران,نور,مركزئ,22217,69601,35029,34572,34.9970417,50.289292719649126
مازندران,نوشهر,كجور,7327,20897,10527,10370,#,#
مازندران,نوشهر,مركزئ,38431,118015,59748,58267,34.9970417,50.289292719649126
مازندران,بابلسر,مركزئ,26360,80561,39746,40815,34.9970417,50.289292719649126
مازندران,بابلسر,بهنمير,7930,24001,12147,11854,36.72505565,52.772474364309005
مازندران,بابلسر,رودبست,10192,30629,15550,15079,36.64859285,52.64406048846878
مازندران,محمودآباد,سرخرود,11167,32640,16607,16033,36.66950115,52.399218196390706
مازندران,محمودآباد,مركزئ,21643,65767,33439,32328,34.9970417,50.289292719649126
مازندران,نكا,مركزئ,33896,106106,53430,52676,34.9970417,50.289292719649126
مازندران,نكا,هزارجريب,4282,13405,6664,6741,36.45031455,53.736347922600004
مازندران,چالوس,مركزئ,32362,96224,48253,47971,34.9970417,50.289292719649126
مازندران,چالوس,مرزن آباد,6743,20318,10844,9474,36.35747835,51.1791277680623
مازندران,جويبار,گيل خوران,7474,22757,11483,11274,36.75327,52.918205992751666
مازندران,جويبار,مركزئ,17804,54819,27907,26912,34.9970417,50.289292719649126
مازندران,گلوگاه,كلباد,3895,11856,5963,5893,#,#
مازندران,گلوگاه,مركزئ,9252,28222,14286,13936,34.9970417,50.289292719649126
مازندران,فريدونكنار,دهفري,4530,13328,6794,6534,36.6898724,52.513430272123685
مازندران,فريدونكنار,مركزي,15536,46703,23737,22966,34.9970417,50.289292719649126
مازندران,عباس آباد,مركزي,8447,25436,12891,12545,34.9970417,50.289292719649126
مازندران,عباس آباد,سلمانشهر,5253,16427,8407,8020,#,#
مازندران,عباس آباد,کلار,3645,10969,5567,5402,36.70351555,51.25442253131811
مازندران,مياندورود,مركزي,13224,40303,20242,20061,34.9970417,50.289292719649126
مازندران,مياندورود,گهرباران,5029,14750,7405,7345,36.78708064999999,53.1992486626382
مازندران,سيمرغ,مرکزي,4333,12798,6469,6329,35.9929045,52.94912620817931
مازندران,سيمرغ,تالارپي,2303,6578,3282,3296,#,#
مازندران,سوادکوه شمالي,مرکزي,6087,17818,8956,8862,35.9929045,52.94912620817931
مازندران,سوادکوه شمالي,نارنجستان,2389,7016,3519,3497,36.33330835,52.94657029340789
مازندران,کلاردشت,مرکزي,8067,23648,11981,11667,35.9929045,52.94912620817931
آذربايجان شرقي,اهر,مرکزي,40048,133829,67245,66584,35.9929045,52.94912620817931
آذربايجان شرقي,اهر,هوراند,6154,20701,10511,10190,38.8604709,47.3683131
آذربايجان شرقي,تبريز,مرکزي,548605,1724369,872252,852117,35.9929045,52.94912620817931
آذربايجان شرقي,تبريز,خسروشاه,15054,48663,24904,23759,37.99798175,46.023051712308074
آذربايجان شرقي,سراب,مرکزي,29735,97096,49979,47117,35.9929045,52.94912620817931
آذربايجان شرقي,سراب,مهربان,8710,28244,14598,13646,38.01350175,47.204984795246
آذربايجان شرقي,مراغه,مرکزي,73667,240972,122644,118328,35.9929045,52.94912620817931
آذربايجان شرقي,مراغه,سراجو,6593,21631,11095,10536,37.29445265,46.516914616229805
آذربايجان شرقي,مرند,مرکزي,67031,217093,110412,106681,35.9929045,52.94912620817931
آذربايجان شرقي,مرند,يامچي,8679,27877,14233,13644,38.669784500000006,45.37634745001408
آذربايجان شرقي,ميانه,ترکمانچاي,7058,21387,10986,10401,37.5451549,47.399238588417646
آذربايجان شرقي,ميانه,کاغذکنان,3785,10729,5488,5241,37.25935845,48.14789835272987
آذربايجان شرقي,ميانه,کندوان,6897,21131,10978,10153,37.68974125,47.79550650526106
آذربايجان شرقي,ميانه,مرکزي,39924,129600,66902,62698,35.9929045,52.94912620817931
آذربايجان شرقي,هشترود,مرکزي,13143,43463,22379,21084,35.9929045,52.94912620817931
آذربايجان شرقي,هشترود,نظرکهريزي,4030,13736,7229,6507,37.38278665,46.787945643976144
آذربايجان شرقي,بناب,مرکزي,42325,134892,68457,66435,35.9929045,52.94912620817931
آذربايجان شرقي,بستان آباد,تيکمه داش,6782,22545,11624,10921,37.6889076,46.98733002053136
آذربايجان شرقي,بستان آباد,مرکزي,20864,72223,37423,34800,35.9929045,52.94912620817931
آذربايجان شرقي,شبستر,صوفيان,12083,37646,19011,18635,38.2932949,46.02886428409931
آذربايجان شرقي,شبستر,مرکزي,25441,78933,39772,39161,35.9929045,52.94912620817931
آذربايجان شرقي,شبستر,تسوج,6458,18842,9267,9575,38.26241225,45.34248681151963
آذربايجان شرقي,کليبر,مرکزي,7832,24297,12365,11932,35.9929045,52.94912620817931
آذربايجان شرقي,کليبر,آبش احمد,6313,21828,11180,10648,38.9321573,47.3152953
آذربايجان شرقي,هريس,خواجه,8530,28535,14432,14103,38.237675249999995,46.69325699874476
آذربايجان شرقي,هريس,مرکزي,12109,40558,20290,20268,35.9929045,52.94912620817931
آذربايجان شرقي,جلفا,سيه رود,2488,8006,4100,3906,38.7823116,46.05085852660764
آذربايجان شرقي,جلفا,مرکزي,16955,53352,27462,25890,35.9929045,52.94912620817931
آذربايجان شرقي,ملکان,ليلان,7526,25381,13301,12080,37.047778699999995,46.252685136605315
آذربايجان شرقي,ملکان,مرکزي,26072,85938,44365,41573,35.9929045,52.94912620817931
آذربايجان شرقي,آذرشهر,گوگان,8117,24873,12724,12149,37.80405885,45.83971472088571
آذربايجان شرقي,آذرشهر,ممقان,3937,11892,5870,6022,37.83710145,45.98331743088333
آذربايجان شرقي,آذرشهر,حومه,23309,73544,37434,36110,37.68543455,45.84511230735063
آذربايجان شرقي,اسکو,ايلخچي,10088,30818,15625,15193,37.853857250000004,45.488061561275366
آذربايجان شرقي,اسکو,مرکزي,40586,127452,64936,62516,35.9929045,52.94912620817931
آذربايجان شرقي,چاراويماق,شاديان,3214,11367,5922,5445,37.0193129,47.274932446327156
آذربايجان شرقي,چاراويماق,مرکزي,5802,19704,10060,9644,35.9929045,52.94912620817931
آذربايجان شرقي,ورزقان,خاروانا,5308,16753,8597,8156,38.61912505,46.25762806936429
آذربايجان شرقي,ورزقان,مرکزي,10965,35897,18404,17493,35.9929045,52.94912620817931
آذربايجان شرقي,عجب شير,قلعه چاي,5068,17007,8612,8395,37.59148115,46.12938702271509
آذربايجان شرقي,عجب شير,مرکزي,15540,53845,29576,24269,35.9929045,52.94912620817931
آذربايجان شرقي,خداآفرين,مرکزي,2617,8531,4286,4245,35.9929045,52.94912620817931
آذربايجان شرقي,خداآفرين,گرمادوز,3715,12544,6419,6125,39.31368335,47.31113375905805
آذربايجان شرقي,خداآفرين,منجوان,3864,11920,6046,5874,38.9502034,46.79305644358969
آذربايجان غربي,اروميه,انزل,6825,25599,13825,11774,37.9904307,45.09070043566642
آذربايجان غربي,اروميه,سيلوانه,14202,60368,30491,29877,37.387855900000005,44.79870604289104
آذربايجان غربي,اروميه,صومائ برادوست,7831,35183,17784,17399,37.85086125,44.604865649363795
آذربايجان غربي,اروميه,مركزئ,264760,879709,444984,434725,34.9970417,50.289292719649126
آذربايجان غربي,اروميه,نازلو,10683,39701,20189,19512,37.7583537,45.1331028542177
آذربايجان غربي,پيرانشهر,مركزئ,28893,115200,58266,56934,34.9970417,50.289292719649126
آذربايجان غربي,پيرانشهر,لاجان,5667,23664,12701,10963,36.74465625,45.4173544083894
آذربايجان غربي,خوئ,مركزئ,85342,288269,145636,142633,34.9970417,50.289292719649126
آذربايجان غربي,خوئ,صفائيه,4893,19543,10035,9508,38.77373465,44.51565603396815
آذربايجان غربي,خوئ,ايواوغلي,5055,16259,8324,7935,38.6335109,45.135261101298084
آذربايجان غربي,خوئ,قطور,5838,24591,12637,11954,38.4746856,44.52005765941325
آذربايجان غربي,سردشت,مركزئ,22964,86590,44030,42560,34.9970417,50.289292719649126
آذربايجان غربي,سردشت,وزينه,8085,32259,16417,15842,36.319572,45.41860824245104
آذربايجان غربي,سلماس,مركزئ,47608,168630,86601,82029,34.9970417,50.289292719649126
آذربايجان غربي,سلماس,كوهسار,6299,27916,14216,13700,#,#
آذربايجان غربي,ماكو,مركزئ,21490,75075,38511,36564,34.9970417,50.289292719649126
آذربايجان غربي,ماكو,بازرگان,5519,19676,10112,9564,39.5577095,44.55752727135168
آذربايجان غربي,مهاباد,خليفان,3667,14780,7695,7085,36.49622375,45.69899557327459
آذربايجان غربي,مهاباد,مركزئ,61895,222069,111613,110456,34.9970417,50.289292719649126
آذربايجان غربي,مياندوآب,مركزئ,68714,225345,116124,109221,34.9970417,50.289292719649126
آذربايجان غربي,مياندوآب,مرحمت آباد,7797,26219,13642,12577,37.15555955,45.8677605501248
آذربايجان غربي,مياندوآب,باروق,6723,22385,11530,10855,36.915873000000005,46.40270216701076
آذربايجان غربي,نقده,مركزئ,31358,106524,53826,52698,34.9970417,50.289292719649126
آذربايجان غربي,نقده,محمديار,6123,21147,10761,10386,37.125665749999996,45.47577746883992
آذربايجان غربي,بوكان,سيمينه,8149,26672,13683,12989,36.683344500000004,46.229990705961754
آذربايجان غربي,بوكان,مركزئ,66095,224731,113690,111041,34.9970417,50.289292719649126
آذربايجان غربي,شاهين دژ,مركزئ,21872,73179,36600,36579,34.9970417,50.289292719649126
آذربايجان غربي,شاهين دژ,كشاورز,5797,19277,9861,9416,35.7109009,51.4052868
آذربايجان غربي,تكاب,مركزئ,17553,60459,30250,30209,34.9970417,50.289292719649126
آذربايجان غربي,تكاب,تخت سليمان,5929,20097,9985,10112,36.630095499999996,47.147449127149855
آذربايجان غربي,اشنويه,مركزئ,15217,57628,28944,28684,34.9970417,50.289292719649126
آذربايجان غربي,اشنويه,نالوس,4119,16258,8244,8014,36.954513,45.13137266303076
آذربايجان غربي,چالدران,دشتك,2150,7570,3873,3697,#,#
آذربايجان غربي,چالدران,مركزئ,9817,37487,19160,18327,34.9970417,50.289292719649126
آذربايجان غربي,پلدشت,ارس,3796,13793,7085,6708,39.04320475,45.22855032142914
آذربايجان غربي,پلدشت,مركزئ,7741,28377,14517,13860,34.9970417,50.289292719649126
آذربايجان غربي,چايپاره,حاجيلار,2350,8360,4234,4126,38.89097665,45.1635914892805
آذربايجان غربي,چايپاره,مركزئ,11368,38932,19837,19095,34.9970417,50.289292719649126
آذربايجان غربي,شوط,قره قويون,3587,12146,6182,5964,39.0676229,44.88738878170582
آذربايجان غربي,شوط,مركزئ,12169,43536,22208,21328,34.9970417,50.289292719649126
کرمانشاه,اسلام آبادغرب,حميل,4747,15912,7996,7916,33.89006015,46.786179107224456
کرمانشاه,اسلام آبادغرب,مرکزي,35993,124304,62994,61310,35.9929045,52.94912620817931
کرمانشاه,کرمانشاه,فيروزاباد,5635,21197,10935,10262,#,#
کرمانشاه,کرمانشاه,مرکزي,302960,1011428,510669,500759,35.9929045,52.94912620817931
کرمانشاه,کرمانشاه,ماهيدشت,5352,18628,9957,8671,34.29018285,46.81257697209557
کرمانشاه,کرمانشاه,کوزران,3906,13682,7050,6632,34.44618615,46.59870200732789
کرمانشاه,کرمانشاه,بيلوار,4979,17069,8741,8328,34.6866138,47.035718582201014
کرمانشاه,پاوه,باينگان,2741,9503,4683,4820,35.0036462,46.18773317200232
کرمانشاه,پاوه,مرکزي,12838,42178,21321,20857,35.9929045,52.94912620817931
کرمانشاه,پاوه,نوسود,2892,8750,4455,4295,35.198605,46.24168635054281
کرمانشاه,سرپل ذهاب,مرکزي,20359,73942,37068,36874,35.9929045,52.94912620817931
کرمانشاه,سرپل ذهاب,قلعه شاهين,3300,11265,5733,5532,34.3274356,45.98438073268755
کرمانشاه,سنقر,مرکزي,22109,70284,35459,34825,35.9929045,52.94912620817931
کرمانشاه,سنقر,کليايي,3442,11363,5718,5645,34.909120349999995,47.31812898825496
کرمانشاه,قصرشيرين,سومار,45,557,544,13,34.040304500000005,45.59154565498267
کرمانشاه,قصرشيرين,مرکزي,6688,22702,11838,10864,35.9929045,52.94912620817931
کرمانشاه,کنگاور,مرکزي,23071,75443,38017,37426,35.9929045,52.94912620817931
کرمانشاه,گيلانغرب,مرکزي,11783,40122,20259,19863,35.9929045,52.94912620817931
کرمانشاه,گيلانغرب,گواور,4647,16333,8273,8060,34.0266,46.329
کرمانشاه,جوانرود,مرکزي,18338,66493,33854,32639,35.9929045,52.94912620817931
کرمانشاه,جوانرود,کلاشي,2254,8676,4440,4236,34.938977949999995,46.12870327546895
کرمانشاه,صحنه,دينور,5127,16344,8184,8160,34.662445899999994,47.40069847833651
کرمانشاه,صحنه,مرکزي,16605,54184,27410,26774,35.9929045,52.94912620817931
کرمانشاه,هرسين,بيستون,6521,22539,11534,11005,34.4184113,47.40774911483449
کرمانشاه,هرسين,مرکزي,15940,55637,27919,27718,35.9929045,52.94912620817931
کرمانشاه,ثلاث باباجاني,مرکزي,8448,31761,16041,15720,35.9929045,52.94912620817931
کرمانشاه,ثلاث باباجاني,ازگله,793,3311,1870,1441,34.803414000000004,45.86661698507493
کرمانشاه,دالاهو,گهواره,4397,15606,7744,7862,34.44993465,46.36287513496349
کرمانشاه,دالاهو,مرکزي,5828,20215,10055,10160,35.9929045,52.94912620817931
کرمانشاه,روانسر,شاهو,1999,6922,3453,3469,34.89453105,46.50451961759431
کرمانشاه,روانسر,مرکزي,11782,40709,20912,19797,35.9929045,52.94912620817931
خوزستان,آبادان,اروندکنار,7789,27461,13730,13731,29.99684035,48.68810027177437
خوزستان,آبادان,مرکزي,77221,270622,135775,134847,35.9929045,52.94912620817931
خوزستان,انديمشک,الوارگرمسيري,3978,14793,7666,7127,32.743060650000004,48.3473193331571
خوزستان,انديمشک,مرکزي,44435,155816,79543,76273,35.9929045,52.94912620817931
خوزستان,اهواز,مرکزي,351334,1260817,635544,625273,35.9929045,52.94912620817931
خوزستان,اهواز,اسماعيليه,4324,17155,8739,8416,31.153909149999997,48.24777735973651
خوزستان,اهواز,غيزانيه,6816,24613,12541,12072,31.15260285,49.03224923443172
خوزستان,ايذه,دهدز,4762,19351,9555,9796,31.679325,50.201276465251524
خوزستان,ايذه,مرکزي,41278,166567,83378,83189,35.9929045,52.94912620817931
خوزستان,ايذه,سوسن,2642,12953,6588,6365,32.12079065,49.87558104622224
خوزستان,بندرماهشهر,بندرامام خميني,22010,79085,39660,39425,#,#
خوزستان,بندرماهشهر,مرکزي,59201,217186,110004,107182,35.9929045,52.94912620817931
خوزستان,بهبهان,زيدون,4136,14711,7434,7277,30.35446115,50.16449491429462
خوزستان,بهبهان,مرکزي,44368,153861,78375,75486,35.9929045,52.94912620817931
خوزستان,بهبهان,تشان,3331,12009,6074,5935,30.791797350000003,50.10322753839074
خوزستان,خرمشهر,مرکزي,44829,161820,80654,81166,35.9929045,52.94912620817931
خوزستان,خرمشهر,مينو,2549,9154,4589,4565,30.3430464,48.218625908947786
خوزستان,دزفول,سردشت,6309,27726,15325,12401,32.484526450000004,48.86205188694833
خوزستان,دزفول,مرکزي,107399,370498,190650,179848,35.9929045,52.94912620817931
خوزستان,دزفول,چغاميش,8299,31185,16203,14982,32.16298295,48.52703435287924
خوزستان,دزفول,شهيون,2677,11529,6010,5519,32.711084799999995,49.03569696372015
خوزستان,دشت آزادگان,بستان,2867,11653,6005,5648,31.836632,47.95652493110599
خوزستان,دشت آزادگان,مرکزي,23691,96336,48703,47633,35.9929045,52.94912620817931
خوزستان,رامهرمز,مرکزي,25710,95582,48481,47101,35.9929045,52.94912620817931
خوزستان,رامهرمز,رودزرد,1152,4495,2293,2202,31.3419872,49.703547140466085
خوزستان,رامهرمز,سلطان آباد,2231,8014,3986,4028,31.09635995,49.73050967648181
خوزستان,رامهرمز,ابولفارس,1483,5610,2847,2763,#,#
خوزستان,شادگان,مرکزي,25951,98986,50332,48654,35.9929045,52.94912620817931
خوزستان,شادگان,خنافره,6368,24733,12608,12125,30.5392616,48.506213271164974
خوزستان,شادگان,دارخوين,3705,14754,7369,7385,30.7811469,48.482476339466004
خوزستان,شوشتر,مرکزي,37243,139040,71162,67878,35.9929045,52.94912620817931
خوزستان,شوشتر,شعيبيه,5208,20660,10612,10048,31.7987346,48.75928288317559
خوزستان,شوشتر,ميان آب,8395,32177,16535,15642,31.84501545,48.93659876463194
خوزستان,مسجدسليمان,مرکزي,27507,104059,52864,51195,35.9929045,52.94912620817931
خوزستان,مسجدسليمان,گلگير,1946,7238,3683,3555,31.8562241,49.39719541583443
خوزستان,مسجدسليمان,عنبر,644,2045,1073,972,32.21665675,49.05487440675129
خوزستان,شوش,شاوور,18263,70071,35965,34106,31.8713805,48.35561654881617
خوزستان,شوش,مرکزي,32978,119459,60518,58941,35.9929045,52.94912620817931
خوزستان,شوش,فتح المبين,3926,16075,8165,7910,32.20572785,48.06018685884834
خوزستان,باغ ملک,مرکزي,16781,67827,34522,33305,35.9929045,52.94912620817931
خوزستان,باغ ملک,صيدون,5197,22246,11185,11061,31.38437595,50.14604758715759
خوزستان,باغ ملک,ميداود,3892,15302,7875,7427,31.33654715,49.881841643217584
خوزستان,اميديه,جايزان,2856,10717,5353,5364,30.9270499,49.770246074126554
خوزستان,اميديه,مرکزي,22267,81618,41408,40210,35.9929045,52.94912620817931
خوزستان,لالي,مرکزي,7253,29091,14945,14146,35.9929045,52.94912620817931
خوزستان,لالي,حتي,1947,8872,4619,4253,32.491785699999994,49.2077184571432
خوزستان,هنديجان,مرکزي,8780,32112,16262,15850,35.9929045,52.94912620817931
خوزستان,هنديجان,چم خلف عيسي,1856,6650,3364,3286,30.480331149999998,49.67518525456675
خوزستان,رامشير,مرکزي,9831,37576,18771,18805,35.9929045,52.94912620817931
خوزستان,رامشير,مشراگه,4282,16428,8610,7818,31.0320401,49.44252786570908
خوزستان,گتوند,عقيلي,4898,18853,9821,9032,32.17077055,48.91059939492
خوزستان,گتوند,مرکزي,11905,46210,23708,22502,35.9929045,52.94912620817931
خوزستان,انديکا,آبژدان,4888,19488,9828,9660,32.14956405,49.52529070922735
خوزستان,انديکا,چلو,2420,10945,5687,5258,32.440863,49.658555071670634
خوزستان,انديکا,مرکزي,4270,17196,8746,8450,35.9929045,52.94912620817931
خوزستان,هفتگل,رغيوه,1230,4874,2454,2420,31.545135549999998,49.31649046865867
خوزستان,هفتگل,مرکزي,4678,17245,8739,8506,35.9929045,52.94912620817931
خوزستان,هويزه,نيسان,2312,10060,5502,4558,31.340211699999998,47.838453298214304
خوزستان,هويزه,مرکزي,7137,28826,14625,14201,35.9929045,52.94912620817931
خوزستان,باوي,مرکزي,9048,33802,16879,16923,35.9929045,52.94912620817931
خوزستان,باوي,ويس,16548,62681,31782,30899,31.452358500000003,49.00743178455362
خوزستان,حميديه,مرکزي,10152,39897,20536,19361,35.9929045,52.94912620817931
خوزستان,حميديه,گمبوعه,3446,13865,7027,6838,31.3785894,48.454615418037115
خوزستان,آغاجاري,مرکزي,3479,11919,5878,6041,35.9929045,52.94912620817931
خوزستان,آغاجاري,جولکي,1481,5730,2831,2899,30.7854692,49.90802063575077
خوزستان,کارون,مرکزي,21803,82692,42285,40407,35.9929045,52.94912620817931
خوزستان,کارون,سويسه,5946,23180,11679,11501,31.05900245,48.57062095911185
فارس,آباده,مرکزي,31667,100820,50986,49834,35.9929045,52.94912620817931
فارس,استهبان,رونيز,6944,22648,11707,10941,29.2896876,53.843864037959705
فارس,استهبان,مرکزي,13935,46166,23275,22891,35.9929045,52.94912620817931
فارس,اقليد,سده,5317,18290,9233,9057,30.6719448,52.1305239982633
فارس,اقليد,مرکزي,17150,57875,29362,28513,35.9929045,52.94912620817931
فارس,اقليد,حسن آباد,4651,16528,8469,8059,30.42689435,52.54094224045369
فارس,جهرم,خفر,13590,42263,21597,20666,30.9990836,51.482546
فارس,جهرم,سيمکان,5183,17560,9072,8488,28.6985633,53.041196414616536
فارس,جهرم,کرديان,4686,14851,7915,6936,28.680372400000003,53.53392207670996
فارس,جهرم,مرکزي,46417,152953,80022,72931,35.9929045,52.94912620817931
فارس,داراب,رستاق,4188,14391,7319,7072,28.517032,55.19976631658737
فارس,داراب,مرکزي,40036,134535,68844,65691,35.9929045,52.94912620817931
فارس,داراب,فورگ,6444,22138,11123,11015,28.2432366,55.14108186117623
فارس,داراب,جنت,8712,29852,14950,14902,28.571342899999998,54.77466873102775
فارس,سپيدان,بيضا,11535,39883,20452,19431,31.6178536,54.1003407
فارس,سپيدان,مرکزي,9379,32945,16737,16208,35.9929045,52.94912620817931
فارس,سپيدان,همايجان,5465,18214,9081,9133,30.054291,52.061412440371434
فارس,شيراز,زرقان,16672,56104,29039,27065,29.7788503,52.7185108
فارس,شيراز,مرکزي,543807,1788411,901201,887210,35.9929045,52.94912620817931
فارس,شيراز,ارژن,6693,23461,11641,11820,29.5434456,52.12513277254608
فارس,فسا,ششده وقره بلاغ,9258,30702,15917,14785,#,#
فارس,فسا,شيبکوه,7980,26919,13692,13227,28.66662365,53.934187994056785
فارس,فسا,مرکزي,40990,137025,69328,67697,35.9929045,52.94912620817931
فارس,فسا,نوبندگان,3231,10361,5215,5146,28.93369775,53.87753393450764
فارس,فيروزآباد,مرکزي,28170,91651,46259,45392,35.9929045,52.94912620817931
فارس,فيروزآباد,ميمند,7671,24885,12465,12420,29.00787835,52.56049862073106
فارس,کازرون,جره وبالاده,9967,35524,18095,17429,29.32607865,51.851178108356436
فارس,کازرون,کنار تخته و کمارج,3302,11273,5653,5620,#,#
فارس,کازرون,کوهمره,4684,16079,8053,8026,29.747063500000003,51.754524017483476
فارس,کازرون,مرکزي,41118,142057,71851,70206,35.9929045,52.94912620817931
فارس,کازرون,چنارشاهيجان,12599,45638,22894,22744,29.8510025,51.5819119
فارس,کازرون,خشت,4446,15275,7801,7474,29.6020466,51.35126728015822
فارس,لارستان,اوز,10940,40731,20585,20146,27.7625325,54.0051497
فارس,لارستان,جويم,6977,25081,13518,11563,28.18096575,53.476966627988574
فارس,لارستان,مرکزي,30003,104146,53517,50629,35.9929045,52.94912620817931
فارس,لارستان,بيرم,4110,13732,6853,6879,27.456228799999998,53.56474443722112
فارس,لارستان,بنارويه,4858,16723,8462,8261,28.043325250000002,53.98320225128659
فارس,لارستان,صحراي باغ,3327,12855,6451,6404,27.484928850000003,54.05057256265086
فارس,مرودشت,کامفيروز,5350,19898,10262,9636,30.27803875,52.20662296698109
فارس,مرودشت,مرکزي,65111,221163,113394,107769,35.9929045,52.94912620817931
فارس,مرودشت,درودزن,10944,37826,19439,18387,30.17179495,52.61172956382097
فارس,مرودشت,سيدان,9754,32850,16871,15979,30.00276245,53.02265707354021
فارس,مرودشت,کر,3446,11396,5935,5461,38.0129678,46.7718772
فارس,ممسني,ماهورميلاني,1542,5297,2658,2639,#,#
فارس,ممسني,مرکزي,29160,98816,49996,48820,35.9929045,52.94912620817931
فارس,ممسني,دشمن زياري,2969,9326,4776,4550,29.9722035,51.913882788090376
فارس,ني ريز,آباده طشک,9966,32224,16335,15889,29.8078337,53.7268534
فارس,ني ريز,پشتکوه,2730,8799,4534,4265,29.3902471,54.419726714974956
فارس,ني ريز,مرکزي,17402,56626,28520,28106,35.9929045,52.94912620817931
فارس,ني ريز,قطرويه,4673,15642,7969,7673,29.165239999999997,54.87750132498033
فارس,لامرد,مرکزي,12575,44066,22028,22038,35.9929045,52.94912620817931
فارس,لامرد,اشکنان,5693,21508,10516,10992,27.214770899999998,53.64201793697586
فارس,لامرد,علامرودشت,5557,19190,9423,9767,27.674147650000002,53.009164791238675
فارس,لامرد,چاه ورز,2011,7010,3491,3519,27.4709003,53.37624610773267
فارس,بوانات,سرچهان,7177,23129,11969,11160,29.985537100000002,53.85469805832501
فارس,بوانات,مرکزي,5210,16698,8580,8118,35.9929045,52.94912620817931
فارس,بوانات,مزايجان,3487,10591,5389,5202,30.37193765,53.80215216356643
فارس,ارسنجان,مرکزي,12876,42719,21698,21021,35.9929045,52.94912620817931
فارس,خرم بيد,مشهدمرغاب,5492,18350,9357,8993,#,#
فارس,خرم بيد,مرکزي,9588,32172,16302,15870,35.9929045,52.94912620817931
فارس,زرين دشت,ايزدخواست,5192,18924,9443,9481,28.1753593,54.535345565345025
فارس,زرين دشت,مرکزي,15074,54027,27544,26483,35.9929045,52.94912620817931
فارس,قيروکارزين,افزر,4375,14924,7366,7558,28.2677257,52.91957450752982
فارس,قيروکارزين,مرکزي,15554,54377,28029,26348,35.9929045,52.94912620817931
فارس,مهر,گله دار,5966,22554,11332,11222,27.61049255,52.659877968375966
فارس,مهر,مرکزي,4277,15386,7708,7678,35.9929045,52.94912620817931
فارس,مهر,وراوي,3414,12884,6665,6219,27.46742785,53.050618303907086
فارس,مهر,اسير,3605,14003,7148,6855,27.84063175,52.555801504926656
فارس,فراشبند,مرکزي,9806,35576,17929,17647,35.9929045,52.94912620817931
فارس,فراشبند,دهرم,2541,8947,4510,4437,28.39106285,52.28490913081949
فارس,پاسارگاد,مرکزي,7078,23955,12262,11693,35.9929045,52.94912620817931
فارس,پاسارگاد,پاسارگاد,1734,6161,3110,3051,30.2341528,53.00684017448295
فارس,خنج,محمله,2630,9625,4758,4867,27.96480535,52.83000321813441
فارس,خنج,مرکزي,8077,31732,15879,15853,35.9929045,52.94912620817931
فارس,سروستان,کوهنجان,3528,11563,6001,5562,29.310107950000003,52.94535466360986
فارس,سروستان,مرکزي,8124,26546,13502,13044,35.9929045,52.94912620817931
فارس,رستم,سورنا,4818,17282,8497,8785,30.439852000000002,51.34812023564203
فارس,رستم,مرکزي,7840,27079,13364,13715,35.9929045,52.94912620817931
فارس,گراش,مرکزي,13136,46878,24033,22845,35.9929045,52.94912620817931
فارس,گراش,ارد,2019,7029,3569,3460,27.7082395,53.75979842730776
فارس,کوار,مرکزي,16930,60714,31265,29449,35.9929045,52.94912620817931
فارس,کوار,طسوج,6080,23159,11973,11186,29.2843862,52.61026806859637
فارس,خرامه,کربال,4339,13754,7101,6653,29.61247835,53.318524910764594
فارس,خرامه,مرکزي,12535,41110,20920,20190,35.9929045,52.94912620817931
كرمان,بافت,مركزئ,21051,67520,33998,33522,34.9970417,50.289292719649126
كرمان,بافت,خبر,5280,16012,8117,7895,28.8699333,56.475540935118715
كرمان,بم,مركزئ,52065,167810,86633,81177,34.9970417,50.289292719649126
كرمان,بم,بروات,18971,59612,30793,28819,28.9857835,58.36547840671756
كرمان,جيرفت,ساردوئيه,12853,39158,20127,19031,29.0561911,57.473526013239805
كرمان,جيرفت,جبالبارز,7009,23137,11824,11313,28.7955621,57.96205834521525
كرمان,جيرفت,مركزئ,60684,203770,104566,99204,34.9970417,50.289292719649126
كرمان,جيرفت,اسماعيلي,12389,42786,21415,21371,28.31036385,57.590409364282635
كرمان,رفسنجان,مركزئ,74962,255377,132609,122768,34.9970417,50.289292719649126
كرمان,رفسنجان,كشكوئيه,6476,22133,11874,10259,#,#
كرمان,رفسنجان,نوق,3885,13955,7525,6430,31.013478499999998,55.56241929056534
كرمان,رفسنجان,فردوس,5897,19020,10323,8697,30.7731984,55.816077230224124
كرمان,زرند,مركزئ,34471,121206,61111,60095,34.9970417,50.289292719649126
كرمان,زرند,يزدان آباد,4980,16927,8571,8356,31.007390100000002,56.086724485162065
كرمان,سيرجان,مركزئ,71694,245203,126542,118661,34.9970417,50.289292719649126
كرمان,سيرجان,پاريز,7323,22538,11435,11103,29.71608785,55.81799751915521
كرمان,سيرجان,گلستان,5045,17061,8960,8101,29.026050050000002,55.71444965988054
كرمان,سيرجان,زيدآباد,7664,27818,14615,13203,29.64219775,55.42307593833496
كرمان,سيرجان,بلورد,3623,11473,5867,5606,29.502089150000003,56.146937130260135
كرمان,شهربابك,مركزئ,25646,85851,44599,41252,34.9970417,50.289292719649126
كرمان,شهربابك,دهج,5837,18124,10061,8063,30.6786102,54.91461536861978
كرمان,كرمان,شهداد,5707,18651,9305,9346,30.589439149999997,58.464842876979425
كرمان,كرمان,گلباف,4439,14473,7177,7296,29.76699605,58.04757124230727
كرمان,كرمان,ماهان,10024,33521,16690,16831,29.969331750000002,57.34734620933528
كرمان,كرمان,مركزئ,188440,625187,318865,306322,34.9970417,50.289292719649126
كرمان,كرمان,راين,4723,15672,7847,7825,29.5781624,57.57765702776525
كرمان,كرمان,چترود,9004,31183,16011,15172,30.58221615,56.84691974729148
كرمان,كهنوج,مركزئ,23207,84603,42846,41757,34.9970417,50.289292719649126
كرمان,كهنوج,چاه مريد,3069,11245,5633,5612,27.94903695,57.48215276838971
كرمان,بردسير,مركزئ,13047,42238,21398,20840,34.9970417,50.289292719649126
كرمان,بردسير,لاله زار,4272,13407,6920,6487,29.550528,56.769505606245076
كرمان,بردسير,گلزار,2561,8271,4213,4058,29.61288675,57.11796291683116
كرمان,بردسير,نگار,5122,17171,8694,8477,29.8623532,56.84062420956542
كرمان,راور,كوهساران,3270,10366,5219,5147,#,#
كرمان,راور,مركزئ,10011,32832,16447,16385,34.9970417,50.289292719649126
كرمان,عنبرآباد,مركزئ,16814,58191,29157,29034,34.9970417,50.289292719649126
كرمان,عنبرآباد,جبالبارزجنوبي,6595,24247,12333,11914,28.35848695,58.24191296167843
كرمان,منوجان,مركزئ,13504,49428,24701,24727,34.9970417,50.289292719649126
كرمان,منوجان,آسمينون,4846,16268,8126,8142,27.5742641,57.43250312419471
كرمان,كوهبنان,طغرل الجرد,1644,5893,2995,2898,#,#
كرمان,كوهبنان,مركزئ,4762,15287,7744,7543,34.9970417,50.289292719649126
كرمان,رودبارجنوب,جازموريان,11081,43867,22181,21686,27.853707800000002,58.5771446773643
كرمان,رودبارجنوب,مركزئ,16347,62125,31033,31092,34.9970417,50.289292719649126
كرمان,قلعه گنج,چاه دادخدا,6519,25540,12654,12886,27.07283795,58.41865263703923
كرمان,قلعه گنج,مركزئ,14002,50955,25335,25620,34.9970417,50.289292719649126
كرمان,ريگان,گنبكي,7514,25976,13313,12663,#,#
كرمان,ريگان,مركزئ,16468,62433,31804,30629,34.9970417,50.289292719649126
كرمان,رابر,مركزي,7496,23540,11850,11690,34.9970417,50.289292719649126
كرمان,رابر,هنزا,3982,11706,5851,5855,29.171904599999998,57.02795645759904
كرمان,فهرج,مركزي,10451,39820,20641,19179,34.9970417,50.289292719649126
كرمان,فهرج,نگين كوير,6643,26922,13923,12999,#,#
كرمان,انار,انار,10918,36897,19177,17720,30.815420099999997,55.317671290089066
كرمان,نرماشير,مركزي,11905,40090,20357,19733,34.9970417,50.289292719649126
كرمان,نرماشير,روداب,4277,14138,7278,6860,28.96328855,58.55248832556223
كرمان,فارياب,مركزي,4944,16952,8387,8565,34.9970417,50.289292719649126
كرمان,فارياب,حور,4873,17048,8639,8409,28.32383825,57.186501416611925
كرمان,ارزوئيه,مرکزي,8570,29336,14866,14470,35.9929045,52.94912620817931
كرمان,ارزوئيه,صوغان,2572,9174,4636,4538,28.3991571,56.762651986602144
خراسان رضوئ,تايباد,مركزئ,24159,92205,47071,45134,34.9970417,50.289292719649126
خراسان رضوئ,تايباد,ميان ولايت,6558,25357,12935,12422,34.80544865,60.519225886832956
خراسان رضوئ,تربت حيدريه,بايك,2424,6937,3380,3557,#,#
خراسان رضوئ,تربت حيدريه,كدكن,3932,12805,6438,6367,#,#
خراسان رضوئ,تربت حيدريه,مركزئ,54733,179084,92166,86918,34.9970417,50.289292719649126
خراسان رضوئ,تربت حيدريه,جلگه رخ,7822,25748,12957,12791,35.654994650000006,59.29084124398661
خراسان رضوئ,تربت جام,صالح آباد,11485,43426,21846,21580,35.03092384999999,48.27932809798792
خراسان رضوئ,تربت جام,مركزئ,38271,143252,72656,70596,34.9970417,50.289292719649126
خراسان رضوئ,تربت جام,نصرآباد,11297,40440,20431,20009,35.47983945,60.26600668031436
خراسان رضوئ,تربت جام,بوژگان,5522,20976,10658,10318,35.068039999999996,60.96094279049671
خراسان رضوئ,تربت جام,پائين جام,5227,19577,9886,9691,35.250683,60.903611772856564
خراسان رضوئ,درگز,چاپشلو,3511,11360,5794,5566,37.2253829,58.980780262978186
خراسان رضوئ,درگز,لطف آباد,2958,9432,4709,4723,37.27024625,59.317331228187015
خراسان رضوئ,درگز,مركزئ,13105,41808,21156,20652,34.9970417,50.289292719649126
خراسان رضوئ,درگز,نوخندان,3204,9755,4846,4909,37.5597474,58.81233875010226
خراسان رضوئ,سبزوار,روداب,4654,13406,6737,6669,28.96328855,58.55248832556223
خراسان رضوئ,سبزوار,ششتمد,7786,24261,12373,11888,35.811409999999995,57.947172134225845
خراسان رضوئ,سبزوار,مركزئ,83112,268642,134076,134566,34.9970417,50.289292719649126
خراسان رضوئ,قوچان,باجگيران,2589,7625,3905,3720,37.42290495,58.504151862524544
خراسان رضوئ,قوچان,مركزئ,50260,166868,84749,82119,34.9970417,50.289292719649126
خراسان رضوئ,كاشمر,كوهسرخ,8004,25014,12520,12494,#,#
خراسان رضوئ,كاشمر,مركزئ,44774,143650,72484,71166,34.9970417,50.289292719649126
خراسان رضوئ,گناباد,مركزئ,22977,76427,38601,37826,34.9970417,50.289292719649126
خراسان رضوئ,گناباد,كاخك,4630,12326,6046,6280,#,#
خراسان رضوئ,مشهد,احمدآباد,10191,32988,16765,16223,35.9717705,59.38783698367064
خراسان رضوئ,مشهد,مركزئ,994022,3280368,1646678,1633690,34.9970417,50.289292719649126
خراسان رضوئ,مشهد,رضويه,16796,59232,30101,29131,36.10525425,60.01488818728696
خراسان رضوئ,نيشابور,زبرخان,18312,56635,28648,27987,36.155782450000004,59.10786950464434
خراسان رضوئ,نيشابور,سرولايت,4932,14664,7139,7525,36.722733399999996,58.42344937320226
خراسان رضوئ,نيشابور,مركزئ,107345,341182,171569,169613,34.9970417,50.289292719649126
خراسان رضوئ,نيشابور,ميان جلگه,11950,39288,19768,19520,35.86248635,58.71408673548367
خراسان رضوئ,چناران,گلبهار,20164,66321,34094,32227,36.5725497,59.1966264
خراسان رضوئ,چناران,مركزئ,24914,88581,46797,41784,34.9970417,50.289292719649126
خراسان رضوئ,خواف,سنگان,6664,26564,13437,13127,34.25618405,60.33851962469268
خراسان رضوئ,خواف,مركزئ,14062,52899,26740,26159,34.9970417,50.289292719649126
خراسان رضوئ,خواف,جلگه زوزن,5854,22062,11105,10957,34.42239685,59.742688421150945
خراسان رضوئ,خواف,سلامي,9819,37447,19046,18401,34.809256500000004,59.96424474015912
خراسان رضوئ,سرخس,مرزداران,4766,16808,8747,8061,36.190879800000005,60.52915025406432
خراسان رضوئ,سرخس,مركزئ,22165,80710,41066,39644,34.9970417,50.289292719649126
خراسان رضوئ,فريمان,قلندرآباد,7119,25361,12906,12455,35.64756615,60.05863887894354
خراسان رضوئ,فريمان,مركزئ,21522,73640,37138,36502,34.9970417,50.289292719649126
خراسان رضوئ,بردسكن,انابد,5667,18561,9387,9174,35.13384605,57.308033066754106
خراسان رضوئ,بردسكن,مركزئ,12273,38605,19491,19114,34.9970417,50.289292719649126
خراسان رضوئ,بردسكن,شهرآباد,5792,18465,9454,9011,35.03372975,57.77723540874925
خراسان رضوئ,رشتخوار,جنگل,3855,14342,7211,7131,34.792541150000005,59.29551990029596
خراسان رضوئ,رشتخوار,مركزئ,13711,46347,23606,22741,34.9970417,50.289292719649126
خراسان رضوئ,كلات,زاوين,4215,14417,7356,7061,36.66949995,60.118555827913774
خراسان رضوئ,كلات,مركزئ,6493,21820,11049,10771,34.9970417,50.289292719649126
خراسان رضوئ,خليل آباد,ششطراز,6475,19915,10145,9770,35.1566338,58.180858882619276
خراسان رضوئ,خليل آباد,مركزئ,10209,31786,16106,15680,34.9970417,50.289292719649126
خراسان رضوئ,مه ولات,شادمهر,5003,15753,7980,7773,35.13038545,58.90220104619365
خراسان رضوئ,مه ولات,مركزئ,10841,35656,18047,17609,34.9970417,50.289292719649126
خراسان رضوئ,بجستان,مركزي,6442,19833,9939,9894,34.9970417,50.289292719649126
خراسان رضوئ,بجستان,يونسي,3569,11374,5744,5630,34.7749466,58.2267317831593
خراسان رضوئ,بينالود,طرقبه,10805,33344,17204,16140,36.24966815,59.36937482363216
خراسان رضوئ,بينالود,شانديز,11054,36294,18774,17520,36.37358235,59.199212085180164
خراسان رضوئ,فيروزه,مركزي,6481,20787,10550,10237,34.9970417,50.289292719649126
خراسان رضوئ,فيروزه,طاغنكوه,5302,16752,8514,8238,#,#
خراسان رضوئ,جغتاي,مركزي,7544,25248,12740,12508,34.9970417,50.289292719649126
خراسان رضوئ,جغتاي,هلالي,7379,23927,12341,11586,36.776960599999995,56.95641024373485
خراسان رضوئ,زاوه,مركزي,11649,38384,19348,19036,34.9970417,50.289292719649126
خراسان رضوئ,زاوه,سليمان,8412,29307,14832,14475,35.23385075,59.85852619552537
خراسان رضوئ,جوين,مركزي,11894,38425,19496,18929,34.9970417,50.289292719649126
خراسان رضوئ,جوين,عطاملك,4786,15865,8031,7834,#,#
خراسان رضوئ,باخرز,مركزي,10197,35954,18246,17708,34.9970417,50.289292719649126
خراسان رضوئ,باخرز,بالا ولايت,5328,18661,9334,9327,36.6003643,55.0955168
خراسان رضوئ,خوشاب,مركزي,8684,27169,13771,13398,34.9970417,50.289292719649126
خراسان رضوئ,خوشاب,مشكان,3199,10012,4980,5032,#,#
خراسان رضوئ,داورزن,مرکزي,4226,11947,5984,5963,35.9929045,52.94912620817931
خراسان رضوئ,داورزن,باشتين,3452,9964,5088,4876,36.2613426,57.247664052137914
اصفهان,اردستان,مرکزي,9960,29427,14822,14605,35.9929045,52.94912620817931
اصفهان,اردستان,زواره,4180,12678,6459,6219,33.758884,52.727998207259446
اصفهان,اصفهان,جرقويه سفلي,7079,22891,11711,11180,32.13655795,52.157078683855026
اصفهان,اصفهان,کوهپايه,7858,23676,12056,11620,32.7303728,52.35606124797216
اصفهان,اصفهان,مرکزي,671864,2130970,1075740,1055230,35.9929045,52.94912620817931
اصفهان,اصفهان,جرقويه عليا,4955,14716,7447,7269,31.886135449999998,52.65998107889867
اصفهان,اصفهان,بن رود,9225,29718,15429,14289,32.46087105,52.70364835118689
اصفهان,اصفهان,جلگه,6871,21257,11048,10209,32.4260125,52.32582490369457
اصفهان,خميني شهر,مرکزي,98269,319727,164787,154940,35.9929045,52.94912620817931
اصفهان,خوانسار,مرکزي,10923,33049,16446,16603,35.9929045,52.94912620817931
اصفهان,سميرم,پادنا,4239,13696,7025,6671,31.15070205,51.45513356514461
اصفهان,سميرم,مرکزي,11444,37274,18962,18312,35.9929045,52.94912620817931
اصفهان,سميرم,دناکوه,3759,12855,6711,6144,30.852920949999998,51.697721442434165
اصفهان,سميرم,وردشت,2980,9941,5029,4912,31.62524625,51.520116320145775
اصفهان,فريدن,مرکزي,11938,38538,19873,18665,35.9929045,52.94912620817931
اصفهان,فريدن,زنده رود,3593,11270,5768,5502,33.02004995,50.303031285472855
اصفهان,فريدونشهر,مرکزي,10688,35654,18171,17483,35.9929045,52.94912620817931
اصفهان,فلاورجان,پيربکران,16795,52574,27111,25463,32.48222595,51.595142441367855
اصفهان,فلاورجان,مرکزي,45656,149127,76626,72501,35.9929045,52.94912620817931
اصفهان,فلاورجان,قهدريجان,14762,48113,25048,23065,32.5585323,51.45497937305902
اصفهان,شهرضا,مرکزي,50982,159792,81637,78155,35.9929045,52.94912620817931
اصفهان,کاشان,قمصر,4653,13247,6744,6503,33.686260000000004,51.4158539857558
اصفهان,کاشان,مرکزي,98513,324501,164537,159964,35.9929045,52.94912620817931
اصفهان,کاشان,نياسر,4098,11821,5931,5890,34.071882450000004,51.09947225840729
اصفهان,کاشان,برزک,4991,14910,7591,7319,33.77034385,51.16827069992719
اصفهان,گلپايگان,مرکزي,30415,90082,45909,44173,35.9929045,52.94912620817931
اصفهان,لنجان,باغ بهادران,14266,46662,23961,22701,32.37525515,51.096320143600224
اصفهان,لنجان,مرکزي,66834,216249,109595,106654,35.9929045,52.94912620817931
اصفهان,نايين,انارک,1329,3820,1906,1914,33.48760595,53.79419210604254
اصفهان,نايين,مرکزي,12048,35440,17711,17729,35.9929045,52.94912620817931
اصفهان,نجف آباد,مرکزي,90158,293275,148441,144834,35.9929045,52.94912620817931
اصفهان,نجف آباد,مهردشت,8353,25928,13348,12580,33.0813037,50.93575343501897
اصفهان,نطنز,مرکزي,7185,20232,10217,10015,35.9929045,52.94912620817931
اصفهان,نطنز,امام زاده,7774,23745,12105,11640,35.6021888,49.3498327
اصفهان,شاهين شهروميمه,ميمه,7641,23057,11665,11392,33.45407515,51.00009074099481
اصفهان,شاهين شهروميمه,مرکزي,66338,211606,105799,105807,35.9929045,52.94912620817931
اصفهان,مبارکه,مرکزي,37707,120732,61784,58948,35.9929045,52.94912620817931
اصفهان,مبارکه,گرکن جنوبي,9229,29709,15245,14464,32.39711795,51.69181417227081
اصفهان,آران وبيدگل,کويرات,4455,14289,7461,6828,34.1135517,52.02915545838721
اصفهان,آران وبيدگل,مرکزي,27595,89228,45183,44045,35.9929045,52.94912620817931
اصفهان,تيران وکرون,کرون,10147,32684,16802,15882,32.889909200000005,50.869027294297624
اصفهان,تيران وکرون,مرکزي,12556,38889,19897,18992,35.9929045,52.94912620817931
اصفهان,چادگان,چنارود,1548,5479,2854,2625,32.6603155,50.37128282943313
اصفهان,چادگان,مرکزي,8285,27000,13700,13300,35.9929045,52.94912620817931
اصفهان,دهاقان,مرکزي,11118,34511,17571,16940,35.9929045,52.94912620817931
اصفهان,برخوار,حبيب آباد,7765,24741,12758,11983,33.0103862,51.86629460393576
اصفهان,برخوار,مرکزي,29858,97678,50351,47327,35.9929045,52.94912620817931
اصفهان,خور و بيابانک,مرکزي,6420,19761,9977,9784,35.9929045,52.94912620817931
اصفهان,بو يين و مياندشت,مرکزي,6593,20000,10120,9880,35.9929045,52.94912620817931
اصفهان,بو يين و مياندشت,کرچمبو,1433,4163,2171,1992,33.230883250000005,50.09014915715714
سيستان و بلوچستان,ايرانشهر,بزمان,3089,11827,5701,6126,28.0270223,60.01609091818274
سيستان و بلوچستان,ايرانشهر,بمپور,15369,60557,29833,30724,27.167688050000002,60.24265579966929
سيستان و بلوچستان,ايرانشهر,مركزئ,44166,181928,92157,89771,34.9970417,50.289292719649126
سيستان و بلوچستان,چابهار,دشتيارئ,18079,79911,41266,38645,25.401005050000002,61.31299158450638
سيستان و بلوچستان,چابهار,مركزئ,41243,170272,86748,83524,34.9970417,50.289292719649126
سيستان و بلوچستان,چابهار,پلان,8812,33004,16454,16550,25.6143297,61.150661116891825
سيستان و بلوچستان,خاش,مركزئ,30769,115085,58307,56778,34.9970417,50.289292719649126
سيستان و بلوچستان,خاش,نوك آباد,12601,44176,21857,22319,#,#
سيستان و بلوچستان,خاش,ايرندگان,4523,13323,6421,6902,27.714230200000003,61.04338927888678
سيستان و بلوچستان,زابل,مركزئ,43691,165634,82980,82654,34.9970417,50.289292719649126
سيستان و بلوچستان,زاهدان,مركزئ,156995,628219,320232,307987,34.9970417,50.289292719649126
سيستان و بلوچستان,زاهدان,نصرت آباد,4782,18462,9249,9213,29.9396028,59.9183007630255
سيستان و بلوچستان,زاهدان,كورين,6694,25898,13034,12864,#,#
سيستان و بلوچستان,سراوان,جالق,9685,36351,18104,18247,27.7119131,62.463401217538475
سيستان و بلوچستان,سراوان,مركزئ,30710,117002,59321,57681,34.9970417,50.289292719649126
سيستان و بلوچستان,سراوان,بم پشت,9895,37906,18887,19019,26.909875,62.87116719874461
سيستان و بلوچستان,نيك شهر,بنت,7947,28722,14329,14393,26.2408747,59.263235771896234
سيستان و بلوچستان,نيك شهر,لاشار,9123,33973,17016,16957,26.74714335,60.21332533687858
سيستان و بلوچستان,نيك شهر,مركزئ,16742,66716,33428,33288,34.9970417,50.289292719649126
سيستان و بلوچستان,نيك شهر,آهوران,3385,12453,6185,6268,26.7334605,60.637107305428906
سيستان و بلوچستان,سرباز,پيشين,6941,30232,15311,14921,26.0396385,61.72351803038852
سيستان و بلوچستان,سرباز,سرباز,22634,91274,44989,46285,26.655676550000003,61.18502296397337
سيستان و بلوچستان,سرباز,مركزئ,7368,29925,15130,14795,34.9970417,50.289292719649126
سيستان و بلوچستان,سرباز,پارود,8963,34730,17460,17270,26.418242,61.722247553039196
سيستان و بلوچستان,كنارك,زرآباد,5063,20197,10484,9713,25.59988885,59.41162169254342
سيستان و بلوچستان,كنارك,مركزئ,18537,78015,42284,35731,34.9970417,50.289292719649126
سيستان و بلوچستان,زهك,جزينك,6069,21704,10795,10909,#,#
سيستان و بلوچستان,زهك,مركزئ,13986,53192,26968,26224,34.9970417,50.289292719649126
سيستان و بلوچستان,هيرمند,مركزي,13067,50787,25708,25079,34.9970417,50.289292719649126
سيستان و بلوچستان,هيرمند,قرقري,3492,13192,6651,6541,31.295925349999997,61.62889439213674
سيستان و بلوچستان,دلگان,مركزي,10468,42362,20862,21500,34.9970417,50.289292719649126
سيستان و بلوچستان,دلگان,جلگه چاه هاشم,6083,25495,12713,12782,27.147716850000002,59.36248389839622
سيستان و بلوچستان,مهرستان,مركزي,13478,54630,27218,27412,34.9970417,50.289292719649126
سيستان و بلوچستان,مهرستان,آشار,3929,15949,7813,8136,26.66962325,61.967278611734564
سيستان و بلوچستان,سيب و سوران,مركزي,15791,62876,31151,31725,34.9970417,50.289292719649126
سيستان و بلوچستان,سيب و سوران,هيدوچ,5873,22216,11042,11174,27.0005081,62.116917
سيستان و بلوچستان,نيمروز,مرکزي,7105,26001,13059,12942,35.9929045,52.94912620817931
سيستان و بلوچستان,نيمروز,صابري,5566,22324,11402,10922,35.7722435,51.3918196
سيستان و بلوچستان,هامون,مرکزي,9397,34570,17345,17225,35.9929045,52.94912620817931
سيستان و بلوچستان,هامون,تيمورآباد,1943,6290,3041,3249,30.89916125,61.26338865253213
سيستان و بلوچستان,ميرجاوه,مرکزي,3062,13195,6655,6540,35.9929045,52.94912620817931
سيستان و بلوچستان,ميرجاوه,لاديز,6471,22960,11534,11426,28.88801135,61.07314185004209
سيستان و بلوچستان,ميرجاوه,ريگ ملک,2320,9202,4789,4413,28.634113499999998,61.69998961409241
سيستان و بلوچستان,قصرقند,مرکزي,6282,25690,12665,13025,35.9929045,52.94912620817931
سيستان و بلوچستان,قصرقند,ساربوک,4114,17018,8358,8660,26.10684105,60.538278208817346
سيستان و بلوچستان,قصرقند,تلنگ,5128,18368,9302,9066,25.91151635,61.03749309110691
سيستان و بلوچستان,فنوج,مرکزي,9175,35977,18064,17913,35.9929045,52.94912620817931
سيستان و بلوچستان,فنوج,کتيج,3429,13184,6479,6705,26.712831,59.19403210730425
كردستان,بانه,آرمرده,2501,9359,4861,4498,35.905816,45.7868584380541
كردستان,بانه,مركزئ,33921,122439,61941,60498,34.9970417,50.289292719649126
كردستان,بانه,نمشير,4832,17423,8921,8502,36.1319,45.7358
كردستان,بانه,ننور,2518,9469,4899,4570,35.910545799999994,46.02147457334409
كردستان,بيجار,چنگ الماس,3248,10737,5309,5428,35.67469355,47.80535284971985
كردستان,بيجار,كراني,3800,12537,6367,6170,#,#
كردستان,بيجار,مركزئ,20711,65888,33156,32732,34.9970417,50.289292719649126
كردستان,سقز,زيويه,3605,13469,6769,6700,36.277942800000005,46.629947413714724
كردستان,سقز,مركزئ,55278,191561,96311,95250,34.9970417,50.289292719649126
كردستان,سقز,سرشيو,2143,8475,4313,4162,36.00242155,46.276492059234926
كردستان,سقز,امام,3358,12946,6532,6414,36.052272200000004,46.57899734474235
كردستان,سنندج,مركزئ,140667,461278,232792,228486,34.9970417,50.289292719649126
كردستان,سنندج,كلاترزان,5788,19371,9896,9475,#,#
كردستان,سنندج,حسين آباد,2748,9743,5053,4690,35.575507,47.09866442574051
كردستان,سنندج,سيروان,3327,11008,5604,5404,35.1481567,46.82393321820231
كردستان,قروه,مركزئ,28262,92287,46582,45705,34.9970417,50.289292719649126
كردستان,قروه,سريش آباد,5549,17717,8991,8726,35.37398755,47.786067709761255
كردستان,قروه,چهاردولي,4916,16395,8205,8190,35.06314879999999,47.99423872243481
كردستان,قروه,دلبران,4178,13793,7087,6706,35.26454125,47.98558353187171
كردستان,مريوان,خاووميرآباد,2953,10888,5664,5224,35.617898,46.11894811434532
كردستان,مريوان,سرشيو,2143,7924,4169,3755,36.00242155,46.276492059234926
كردستان,مريوان,مركزئ,50506,176450,90122,86328,34.9970417,50.289292719649126
كردستان,ديواندره,كرفتو,3944,15611,7935,7676,#,#
كردستان,ديواندره,مركزئ,14752,54544,27815,26729,34.9970417,50.289292719649126
كردستان,ديواندره,سارال,2519,9884,5059,4825,35.73914095,46.89070343925245
كردستان,كامياران,مركزئ,23560,80941,41538,39403,34.9970417,50.289292719649126
كردستان,كامياران,موچش,6716,21915,11171,10744,35.0042565,47.02830888839546
كردستان,سروآباد,اورامان,2445,8566,4351,4215,35.2081503,46.3389165211739
كردستان,سروآباد,مركزئ,11030,36374,18533,17841,34.9970417,50.289292719649126
كردستان,دهگلان,مركزئ,13520,45221,23149,22072,34.9970417,50.289292719649126
كردستان,دهگلان,بلبان آباد,5868,18794,9677,9117,35.14883895,47.34288160340731
همدان,تويسركان,قلقل رود,5178,16773,8505,8268,34.489942850000006,48.19696318302864
همدان,تويسركان,مرکزي,28326,84742,42448,42294,35.9929045,52.94912620817931
همدان,ملاير,جوكار,11326,37046,18808,18238,27.3425195,53.1819217
همدان,ملاير,سامن,9049,28085,14100,13985,34.22382575,48.61612637991735
همدان,ملاير,مرکزي,65966,213456,107271,106185,35.9929045,52.94912620817931
همدان,ملاير,زند,3400,10019,4976,5043,34.124098599999996,48.977445935769516
همدان,نهاوند,خزل,9129,29968,15260,14708,34.30424285,48.074983958699264
همدان,نهاوند,مرکزي,36778,117270,59073,58197,35.9929045,52.94912620817931
همدان,نهاوند,زرين دشت,4035,13046,6649,6397,34.2027695,48.22154800765998
همدان,نهاوند,گيان,5238,17027,8820,8207,34.137572500000005,48.22643427736597
همدان,همدان,شراء,5903,20242,10472,9770,34.83453835,48.98730061430436
همدان,همدان,مرکزي,204868,655859,330447,325412,35.9929045,52.94912620817931
همدان,كبودرآهنگ,گل تپه,6234,20499,10466,10033,35.39162725,48.10852927767123
همدان,كبودرآهنگ,مرکزي,25302,84636,44443,40193,35.9929045,52.94912620817931
همدان,كبودرآهنگ,شيرين سو,6031,20927,10524,10403,35.55219115,48.39277979725658
همدان,اسدآباد,مرکزي,26928,89774,45346,44428,35.9929045,52.94912620817931
همدان,اسدآباد,پيرسلمان,3380,10825,5478,5347,34.737863649999994,47.92704812390588
همدان,بهار,لالجين,12774,41383,21523,19860,35.03578615,48.506500154828075
همدان,بهار,مرکزي,16052,51837,26323,25514,35.9929045,52.94912620817931
همدان,بهار,صالح آباد,8018,25862,13130,12732,35.03092384999999,48.27932809798792
همدان,رزن,سردرود,10611,36965,18728,18237,35.510521499999996,48.774357289582014
همدان,رزن,قروه درجزين,11626,36999,18671,18328,35.3101504,49.1004503
همدان,رزن,مرکزي,9970,33623,17218,16405,35.9929045,52.94912620817931
همدان,فامنين,مركزي,9109,29458,15284,14174,34.9970417,50.289292719649126
همدان,فامنين,پيشخور,3073,9901,5287,4614,35.0428778,49.16347608923354
چهارمحال و بختيارئ,بروجن,گندمان,4694,15803,8193,7610,31.70748775,51.206043550232216
چهارمحال و بختيارئ,بروجن,مركزئ,25722,86915,43859,43056,34.9970417,50.289292719649126
چهارمحال و بختيارئ,بروجن,بلداجي,5822,19765,10089,9676,31.90115315,50.9517294976261
چهارمحال و بختيارئ,شهركرد,مركزئ,72511,246046,123230,122816,34.9970417,50.289292719649126
چهارمحال و بختيارئ,شهركرد,لاران,9656,32863,16960,15903,32.3974664,50.5368379732764
چهارمحال و بختيارئ,شهركرد,فرخشهر,10934,37068,19362,17706,32.2836097,50.96432415391075
چهارمحال و بختيارئ,فارسان,مركزئ,11492,41493,21156,20337,34.9970417,50.289292719649126
چهارمحال و بختيارئ,فارسان,بابا حيدر,5478,18917,9759,9158,36.9677734,46.0869083
چهارمحال و بختيارئ,فارسان,جونقان,9944,34876,17991,16885,32.1652998,50.653806135302474
چهارمحال و بختيارئ,لردگان,فلارد,9285,33023,16972,16051,31.285564,51.19234444540969
چهارمحال و بختيارئ,لردگان,مركزئ,27364,105538,53585,51953,34.9970417,50.289292719649126
چهارمحال و بختيارئ,لردگان,خانميرزا,9872,36360,18852,17508,31.53223595,51.061994596890045
چهارمحال و بختيارئ,لردگان,منج,4626,17998,9149,8849,31.533359500000003,50.53242191635754
چهارمحال و بختيارئ,لردگان,روددشت,3678,16762,8682,8080,#,#
چهارمحال و بختيارئ,اردل,مركزئ,9434,35179,17836,17343,34.9970417,50.289292719649126
چهارمحال و بختيارئ,اردل,ميانكوه,3631,13697,6990,6707,#,#
چهارمحال و بختيارئ,كوهرنگ,بازفت,3478,14742,7666,7076,32.3896381,49.938908483269174
چهارمحال و بختيارئ,كوهرنگ,مركزئ,5295,20222,10396,9826,34.9970417,50.289292719649126
چهارمحال و بختيارئ,كوهرنگ,دوآب صمصامي,1926,5930,3060,2870,32.2263042,50.31191758214585
چهارمحال و بختيارئ,كيار,مركزئ,10853,35015,17975,17040,34.9970417,50.289292719649126
چهارمحال و بختيارئ,كيار,ناغان,4695,15957,8165,7792,31.8254144,50.761057023032436
چهارمحال و بختيارئ,سامان,مرکزي,7792,24449,12427,12022,35.9929045,52.94912620817931
چهارمحال و بختيارئ,سامان,زاينده رود,3288,10167,5264,4903,32.614115049999995,50.84244233134199
چهارمحال و بختيارئ,بن,مرکزي,7328,23624,12019,11605,35.9929045,52.94912620817931
چهارمحال و بختيارئ,بن,شيدا,1471,4702,2377,2325,32.6628951,50.617823261333726
لرستان,اليگودرز,ززوماهرو,2455,9584,5113,4471,33.1257455,49.17730959465122
لرستان,اليگودرز,مرکزي,28513,99653,50828,48825,35.9929045,52.94912620817931
لرستان,اليگودرز,بشارت,1988,8346,4349,3997,32.9415252,49.50855191558993
لرستان,اليگودرز,بربرود غربي,2467,9335,4791,4544,33.25380645,49.672364182659685
لرستان,اليگودرز,بربرود شرقي,3029,10427,5393,5034,33.252246,49.722868780552375
لرستان,بروجرد,اشترينان,10480,32988,16758,16230,33.99618045,48.647528735030875
لرستان,بروجرد,مرکزي,91778,293464,147070,146394,35.9929045,52.94912620817931
لرستان,خرم آباد,پاپي,3286,12204,6365,5839,33.14324295,48.64375741933508
لرستان,خرم آباد,بيرانوند,3272,12003,6307,5696,33.717006850000004,48.53340355208027
لرستان,خرم آباد,زاغه,4909,17440,8924,8516,33.507279749999995,48.76543841143592
لرستان,خرم آباد,مرکزي,133110,463599,233527,230072,35.9929045,52.94912620817931
لرستان,دلفان,کاکاوند,5284,19127,9956,9171,34.11951265,47.6835939047547
لرستان,دلفان,مرکزي,29291,104533,53688,50845,35.9929045,52.94912620817931
لرستان,دلفان,خاوه,5892,20313,10571,9742,34.062292,48.130149121101596
لرستان,دورود,سيلاخور,4377,14853,7643,7210,33.654786,48.93110097760744
لرستان,دورود,مرکزي,45763,159655,81447,78208,35.9929045,52.94912620817931
لرستان,کوهدشت,طرهان,3513,12730,6357,6373,33.5106078,47.14983193253801
لرستان,کوهدشت,مرکزي,33572,124015,62921,61094,35.9929045,52.94912620817931
لرستان,کوهدشت,کوهناني,5199,19292,9739,9553,33.457048900000004,47.04216245987266
لرستان,کوهدشت,درب گنبد,2871,10621,5424,5197,33.610601599999995,47.257795316041246
لرستان,ازنا,جاپلق,3285,10025,5015,5010,33.6182564,49.465192566466214
لرستان,ازنا,مرکزي,19119,64878,33013,31865,35.9929045,52.94912620817931
لرستان,پلدختر,مرکزي,14948,51974,26203,25771,35.9929045,52.94912620817931
لرستان,پلدختر,معمولان,6248,21372,11051,10321,33.2405526,48.139503972918845
لرستان,سلسله,فيروزآباد,4533,16168,8276,7892,34.0199295,47.190773752249825
لرستان,سلسله,مرکزي,16607,59391,29966,29425,35.9929045,52.94912620817931
لرستان,دوره,چگني,4346,15624,8016,7608,33.6197566,48.011112583540005
لرستان,دوره,شاهيوند,4079,14851,7751,7100,33.69575445,47.75350858218686
لرستان,دوره,ويسيان,3523,11281,5700,5581,33.432522950000006,48.15223796418864
لرستان,رومشکان,سوري,4671,17005,8635,8370,33.28225035,47.33018787694641
لرستان,رومشکان,مرکزي,6071,22053,11102,10951,35.9929045,52.94912620817931
ايلام,ايلام,چوار,2752,10554,5433,5121,33.6767202,46.0682971006035
ايلام,ايلام,مركزئ,59440,215543,109237,106306,34.9970417,50.289292719649126
ايلام,ايلام,سيوان,2465,8994,4594,4400,33.504913900000005,46.57246867664609
ايلام,دره شهر,مركزئ,10874,39562,20184,19378,34.9970417,50.289292719649126
ايلام,دره شهر,ماژين,1138,4146,2126,2020,32.929347750000005,47.7906876
ايلام,دهلران,زرين آباد,1627,6227,3087,3140,33.019487850000004,46.858698579608784
ايلام,دهلران,مركزئ,10520,38304,19741,18563,34.9970417,50.289292719649126
ايلام,دهلران,موسيان,4002,18282,9805,8477,32.4050697,47.73281527769864
ايلام,دهلران,سراب ميمه,798,2766,1408,1358,33.208102,46.98164352814684
ايلام,چرداول,مركزئ,6737,24568,12582,11986,34.9970417,50.289292719649126
ايلام,چرداول,هليلان,4240,15276,7806,7470,33.774643,47.220130157050605
ايلام,چرداول,شباب,3092,11135,5678,5457,33.746117850000005,46.66142446250302
ايلام,چرداول,زاگرس,1796,6395,3293,3102,33.676862299999996,46.83306659463507
ايلام,مهران,صالح آباد,957,3529,1863,1666,35.03092384999999,48.27932809798792
ايلام,مهران,مركزئ,7488,26173,13396,12777,34.9970417,50.289292719649126
ايلام,آبدانان,كلات,1849,6847,3467,3380,#,#
ايلام,آبدانان,مركزئ,9626,34734,17653,17081,34.9970417,50.289292719649126
ايلام,آبدانان,سراب باغ,1713,6270,3232,3038,32.861416,47.582384178377254
ايلام,ايوان,زرنه,2078,7784,3970,3814,33.92464365,46.08474932471741
ايلام,ايوان,مركزئ,11718,41617,20847,20770,34.9970417,50.289292719649126
ايلام,ملكشاهي,مركزي,4453,15374,7701,7673,34.9970417,50.289292719649126
ايلام,ملكشاهي,گچي,1527,5609,2771,2838,33.38059645,46.42311543202448
ايلام,سيروان,مرکزي,2031,7152,3634,3518,35.9929045,52.94912620817931
ايلام,سيروان,کارزان,1958,7252,3715,3537,33.65936175,46.56797817575086
ايلام,بدره,مرکزي,2486,8708,4303,4405,35.9929045,52.94912620817931
ايلام,بدره,هندميني,1825,6906,3442,3464,33.23991085,47.15443382337335
كهگيلويه و بويراحمد,بويراحمد,مارگون,4923,19876,10110,9766,31.1709762,50.866738942108
كهگيلويه و بويراحمد,بويراحمد,مركزئ,67531,260840,133350,127490,34.9970417,50.289292719649126
كهگيلويه و بويراحمد,بويراحمد,لوداب,2902,11295,5669,5626,30.977087349999998,50.88605791804119
كهگيلويه و بويراحمد,بويراحمد,کبگيان,2172,7741,3796,3945,30.7936133,51.30616720046996
كهگيلويه و بويراحمد,كهگيلويه,چاروسا,4016,16553,8292,8261,31.219036,50.5129924719893
كهگيلويه و بويراحمد,كهگيلويه,مركزئ,20586,82168,41486,40682,34.9970417,50.289292719649126
كهگيلويه و بويراحمد,كهگيلويه,ديشموك,4711,20746,10632,10114,#,#
كهگيلويه و بويراحمد,كهگيلويه,سوق,3077,11655,5662,5993,30.8586149,50.46077709901583
كهگيلويه و بويراحمد,گچساران,مركزئ,34089,123370,62343,61027,34.9970417,50.289292719649126
كهگيلويه و بويراحمد,دنا,پاتاوه,6740,25064,12620,12444,31.11375435,51.163262587674524
كهگيلويه و بويراحمد,دنا,مركزئ,4965,17473,8846,8627,34.9970417,50.289292719649126
كهگيلويه و بويراحمد,بهمئي,بهمئي گرمسيرئ,2536,9402,4731,4671,31.11001595,50.141456499709
كهگيلويه و بويراحمد,بهمئي,مركزئ,7373,28324,14449,13875,34.9970417,50.289292719649126
كهگيلويه و بويراحمد,چرام,مركزي,6824,25967,13002,12965,34.9970417,50.289292719649126
كهگيلويه و بويراحمد,چرام,سرفارياب,2066,7576,3809,3767,30.87583225,50.80140922893504
كهگيلويه و بويراحمد,باشت,مركزي,4092,15667,7790,7877,34.9970417,50.289292719649126
كهگيلويه و بويراحمد,باشت,بوستان,1665,5941,2991,2950,30.38012935,51.23892898718397
كهگيلويه و بويراحمد,لنده,مرکزي,4851,18951,9500,9451,35.9929045,52.94912620817931
كهگيلويه و بويراحمد,لنده,موگرمون,709,2861,1464,1397,31.02542615,50.446838411910235
بوشهر,بوشهر,خارك,2334,8193,4232,3961,#,#
بوشهر,بوشهر,مركزئ,83177,290359,149260,141099,34.9970417,50.289292719649126
بوشهر,تنگستان,دلوار,10473,36481,18779,17702,28.5328318,50.883470659671396
بوشهر,تنگستان,مركزئ,11593,40157,20157,20000,34.9970417,50.289292719649126
بوشهر,دشتستان,سعدآباد,9568,33513,16766,16747,29.5485803,51.21578543320807
بوشهر,دشتستان,شبانكاره,6294,22348,11201,11147,#,#
بوشهر,دشتستان,مركزئ,40845,145460,73720,71740,34.9970417,50.289292719649126
بوشهر,دشتستان,ارم,3728,13659,6857,6802,29.217185999999998,51.5333672546099
بوشهر,دشتستان,بوشكان,3776,12943,6439,6504,#,#
بوشهر,دشتستان,آب پخش,6478,23132,11737,11395,35.7191384,51.3225588
بوشهر,دشتي,كاكي,7058,25283,12539,12744,#,#
بوشهر,دشتي,مركزئ,14789,51625,26127,25498,34.9970417,50.289292719649126
بوشهر,دشتي,شنبه و طسوج,2393,8621,4159,4462,28.400785149999997,51.86959560112726
بوشهر,دير,بردخون,3030,11113,5728,5385,27.899243050000003,51.43357371219268
بوشهر,دير,مركزئ,11095,40970,20874,20096,34.9970417,50.289292719649126
بوشهر,دير,آبدان,2278,8529,4194,4335,29.0273477,57.4639185
بوشهر,كنگان,مركزئ,27873,107801,69371,38430,34.9970417,50.289292719649126
بوشهر,گناوه,ريگ,3996,13825,6908,6917,29.3875333,50.57323869774133
بوشهر,گناوه,مركزئ,24181,88649,44911,43738,34.9970417,50.289292719649126
بوشهر,ديلم,امام حسن,1319,4866,2402,2464,29.63840775,50.00148336546937
بوشهر,ديلم,مركزئ,8535,29955,15247,14708,34.9970417,50.289292719649126
بوشهر,جم,ريز,3608,12973,6811,6162,28.042161,52.130037320748215
بوشهر,جم,مركزئ,16373,57037,29676,27361,34.9970417,50.289292719649126
بوشهر,عسلويه,مرکزي,12224,56255,42042,14213,35.9929045,52.94912620817931
بوشهر,عسلويه,چاه مبارک,4272,17703,9600,8103,27.203465950000002,52.49739804431097
زنجان,ابهر,مرکزي,47329,151528,76678,74850,35.9929045,52.94912620817931
زنجان,خدابنده,افشار,3407,12424,6273,6151,35.939278200000004,48.13060011308615
زنجان,خدابنده,بزينه رود,9390,32099,16186,15913,35.75039035,48.50559949980905
زنجان,خدابنده,مرکزي,26863,93005,47229,45776,35.9929045,52.94912620817931
زنجان,خدابنده,سجاس رود,7939,26965,13604,13361,36.2687359,48.58668949858726
زنجان,زنجان,زنجانرود,7086,23307,11940,11367,36.912101899999996,47.95534533724071
زنجان,زنجان,مرکزي,147145,482025,243012,239013,35.9929045,52.94912620817931
زنجان,زنجان,قره پشتلو,4788,15969,8187,7782,36.9915077,48.340433462893266
زنجان,ايجرود,حلب,1976,6148,3154,2994,36.278735999999995,48.107633187853935
زنجان,ايجرود,مرکزي,9341,30493,15424,15069,35.9929045,52.94912620817931
زنجان,خرمدره,مرکزي,21215,67951,34338,33613,35.9929045,52.94912620817931
زنجان,طارم,چورزق,5744,18803,9499,9304,36.93476135,48.711370582465804
زنجان,طارم,مرکزي,8694,27838,14305,13533,35.9929045,52.94912620817931
زنجان,ماهنشان,انگوران,5213,17164,8671,8493,36.5390303,47.606405756405465
زنجان,ماهنشان,مرکزي,6722,22261,11398,10863,35.9929045,52.94912620817931
زنجان,سلطانيه,مرکزي,5525,17987,9113,8874,35.9929045,52.94912620817931
زنجان,سلطانيه,باغ حلي,3605,11493,5837,5656,36.54945425,48.84119090720894
سمنان,دامغان,اميراباد,4122,12296,6277,6019,36.2661351,59.6577591
سمنان,دامغان,مركزئ,26174,81894,40845,41049,34.9970417,50.289292719649126
سمنان,سمنان,مركزئ,52011,196521,100943,95578,34.9970417,50.289292719649126
سمنان,شاهرود,بسطام,14295,44052,22930,21122,36.6472196,55.26058913039763
سمنان,شاهرود,بيارجمند,2734,7613,3763,3850,35.30107685,56.39158925684113
سمنان,شاهرود,مركزئ,52694,166963,84498,82465,34.9970417,50.289292719649126
سمنان,گرمسار,ايوانكي,5817,17163,8754,8409,#,#
سمنان,گرمسار,مركزئ,19768,60258,30418,29840,34.9970417,50.289292719649126
سمنان,مهدئ شهر,شهميرزاد,5695,16694,8377,8317,36.6949066,53.5308452
سمنان,مهدئ شهر,مركزئ,9531,30781,15467,15314,34.9970417,50.289292719649126
سمنان,آرادان,مرکزي,3838,11060,5621,5439,35.9929045,52.94912620817931
سمنان,آرادان,کهن آباد,1081,2824,1446,1378,34.9312084,52.75837778523665
سمنان,ميامي,مرکزي,6446,19500,9768,9732,35.9929045,52.94912620817931
سمنان,ميامي,کالپوش,6035,19218,9682,9536,37.08498445,55.80991416579482
سمنان,سرخه,سرخه,5330,15523,7867,7656,34.989542650000004,53.162460764280944
يزد,اردكان,خرانق,906,4666,3428,1238,32.71226805,55.084686811574954
يزد,اردكان,مركزئ,25664,86578,45671,40907,34.9970417,50.289292719649126
يزد,اردكان,عقدا,1646,6716,4414,2302,32.37059025000001,53.47181724659435
يزد,بافق,مركزئ,15156,50845,25849,24996,34.9970417,50.289292719649126
يزد,تفت,مركزئ,10467,32454,16660,15794,34.9970417,50.289292719649126
يزد,تفت,نير,2517,6625,3331,3294,31.4734871,54.0874685310236
يزد,تفت,گاريزات,1675,4814,2456,2358,31.2113969,53.92465076553926
يزد,مهريز,مركزئ,15978,51733,26480,25253,34.9970417,50.289292719649126
يزد,يزد,مركزئ,189293,635687,323894,311793,34.9970417,50.289292719649126
يزد,يزد,زارچ,5840,20786,10948,9838,32.0723921,54.584277266449234
يزد,ميبد,مركزئ,25366,85771,43777,41994,34.9970417,50.289292719649126
يزد,ميبد,ندوشن,1027,3119,1648,1471,31.95675875,53.37822905004401
يزد,ميبد,بفروييه,3291,10837,5646,5191,32.198412450000006,53.82177696371512
يزد,ابركوه,بهمن,4271,14196,7401,6795,30.9476407,53.55873018493232
يزد,ابركوه,مركزئ,11456,36907,18966,17941,34.9970417,50.289292719649126
يزد,اشکذر,خضرآباد,1040,4547,3034,1513,31.94586255,53.93087239355333
يزد,اشکذر,مركزئ,8573,28019,14372,13647,34.9970417,50.289292719649126
يزد,خاتم,مركزئ,6292,21408,11177,10231,34.9970417,50.289292719649126
يزد,خاتم,مروست,4518,15150,7966,7184,30.518744849999997,54.22218246785461
يزد,بهاباد,آسفيج,1349,3829,1894,1935,31.891792600000002,56.34977127717967
يزد,بهاباد,مركزي,4031,13392,6698,6694,34.9970417,50.289292719649126
هرمزگان,ابوموسي,تنب,40,1148,1090,58,26.315644300000002,54.7637082207402
هرمزگان,ابوموسي,مركزئ,884,6254,4809,1445,34.9970417,50.289292719649126
هرمزگان,بندرعباس,فين,4763,16359,8142,8217,27.6565999,55.8973925088854
هرمزگان,بندرعباس,مركزئ,177420,614599,313672,300927,34.9970417,50.289292719649126
هرمزگان,بندرعباس,تخت,9479,33011,16834,16177,27.4193079,56.75229243817054
هرمزگان,بندرعباس,قلعه قاضي,4399,16049,8336,7713,27.32316135,56.58699473226273
هرمزگان,بندرلنگه,شيبكوه,4741,18645,9850,8795,#,#
هرمزگان,بندرلنگه,كيش,13738,41258,22950,18308,26.5518654,54.0189285
هرمزگان,بندرلنگه,مركزئ,20538,79125,41311,37814,34.9970417,50.289292719649126
هرمزگان,بندرلنگه,مهران,5377,20321,10562,9759,26.91372375,55.15885097199603
هرمزگان,قشم,شهاب,9902,38115,19138,18977,26.59167625,55.7011533726635
هرمزگان,قشم,مركزئ,28874,104955,53975,50980,34.9970417,50.289292719649126
هرمزگان,قشم,هرمز,1698,5891,2933,2958,26.9443839,56.55003216398849
هرمزگان,ميناب,سندرك,5761,22126,10975,11151,#,#
هرمزگان,ميناب,مركزئ,42487,158650,79346,79304,34.9970417,50.289292719649126
هرمزگان,ميناب,توكهور,8094,30564,15374,15190,37.6328406,57.7816462
هرمزگان,ميناب,بندزرك,12556,47845,24138,23707,#,#
هرمزگان,جاسك,مركزئ,9888,39224,20152,19072,34.9970417,50.289292719649126
هرمزگان,جاسك,ليردف,5323,19660,9958,9702,25.6514239,58.8644285
هرمزگان,رودان,رودخانه,6216,21606,10710,10896,27.81374195,57.13696180958107
هرمزگان,رودان,مركزئ,17314,63616,31929,31687,34.9970417,50.289292719649126
هرمزگان,رودان,جغين,4010,14468,7324,7144,27.23631605,57.357674024586245
هرمزگان,رودان,بيكاه,6950,24606,12028,12578,#,#
هرمزگان,حاجي اباد,فارغان,4015,12386,6198,6188,28.10160815,56.200396609196886
هرمزگان,حاجي اباد,مركزئ,13141,45504,23228,22276,34.9970417,50.289292719649126
هرمزگان,حاجي اباد,احمدئ,3106,10321,5209,5112,28.00563755,56.737716685628584
هرمزگان,بستك,جناح,6239,23574,11786,11788,27.13504235,54.13222783451936
هرمزگان,بستك,مركزئ,10973,40174,20616,19558,34.9970417,50.289292719649126
هرمزگان,بستك,كوخرد,4464,16728,8681,8047,#,#
هرمزگان,خمير,رويدر,4314,14327,7233,7094,27.392835249999997,55.46618293006402
هرمزگان,خمير,مركزئ,11757,41821,20962,20859,34.9970417,50.289292719649126
هرمزگان,پارسيان,كوشكنار,3431,12566,6349,6217,#,#
هرمزگان,پارسيان,مركزئ,10385,38030,19387,18643,34.9970417,50.289292719649126
هرمزگان,سيريك,بماني,3673,14173,7055,7118,26.78295245,56.968770296048206
هرمزگان,سيريك,مركزئ,7631,31550,15785,15765,34.9970417,50.289292719649126
هرمزگان,بشاگرد,مركزي,3623,13676,6901,6775,34.9970417,50.289292719649126
هرمزگان,بشاگرد,گوهران,3798,14149,7138,7011,26.7509075,57.956644325610206
هرمزگان,بشاگرد,گافروپارمون,1938,7260,3574,3686,26.38921105,58.47617883126543
تهران,تهران,كن,1613,5013,2600,2413,35.3055536,51.7259136
تهران,تهران,مركزئ,2912511,8699284,4327639,4371645,34.9970417,50.289292719649126
تهران,تهران,آفتاب,9537,32630,16811,15819,35.569876449999995,51.34753278875394
تهران,دماوند,مركزئ,26337,84375,43687,40688,34.9970417,50.289292719649126
تهران,دماوند,رودهن,13035,41104,20864,20240,35.8286192,51.6599391
تهران,رئ,فشاپويه,14678,55642,30337,25305,35.28750115,51.173342265895336
تهران,رئ,كهريزك,35649,124704,64404,60300,#,#
تهران,رئ,مركزئ,25064,84577,43639,40938,34.9970417,50.289292719649126
تهران,رئ,خاوران,13455,46765,24163,22602,35.5595074,51.593259220820684
تهران,رئ,قلعه نو,8147,38009,24678,13331,35.4673341,51.518593246971044
تهران,شميرانات,رودبارقصران,5969,17419,9071,8348,35.9321694,51.5289418
تهران,شميرانات,لواسانات,10138,29860,15574,14286,35.89564845,51.72599968100555
تهران,ورامين,جوادآباد,7443,24975,13023,11952,33.9353739,47.7431595
تهران,ورامين,مركزئ,78063,258752,131580,127172,34.9970417,50.289292719649126
تهران,شهريار,مركزئ,226007,744206,379193,365013,34.9970417,50.289292719649126
تهران,اسلامشهر,چهاردانگه,18781,60631,30932,29699,36.22744865,53.64538530209825
تهران,اسلامشهر,مركزئ,142787,465353,236730,228623,34.9970417,50.289292719649126
تهران,اسلامشهر,احمد آباد مستوفي,6700,22611,11597,11014,35.621838,51.2172726
تهران,رباطكريم,مركزئ,89270,291515,149071,142444,34.9970417,50.289292719649126
تهران,پاكدشت,شريف آباد,18751,64433,33117,31316,35.41774795,51.8085055869841
تهران,پاكدشت,مركزئ,84786,286528,146253,140275,34.9970417,50.289292719649126
تهران,فيروزكوه,ارجمند,2282,6502,3310,3192,35.82095495,52.47234986304584
تهران,فيروزكوه,مركزئ,9418,27056,13783,13273,34.9970417,50.289292719649126
تهران,قدس,مركزي,96680,316631,162207,154424,34.9970417,50.289292719649126
تهران,ملارد,مركزي,99644,324788,166018,158770,34.9970417,50.289292719649126
تهران,ملارد,صفا دشت,15458,52451,27217,25234,27.2642785,57.2579264
تهران,پيشوا,مركزي,22068,73611,37077,36534,34.9970417,50.289292719649126
تهران,پيشوا,جليل آباد,3636,12990,6641,6349,35.3263556,51.77387702470608
تهران,بهارستان,گلستان,89837,306726,158686,148040,29.026050050000002,55.71444965988054
تهران,بهارستان,بوستان,66954,229603,118474,111129,30.38012935,51.23892898718397
تهران,پرديس,بومهن,50482,159184,81327,77857,35.69424945,51.828252011265604
تهران,پرديس,جاجرود,2873,9864,5141,4723,35.676958400000004,51.74628826700174
تهران,قرچک,مرکزي,79851,269136,138247,130889,35.9929045,52.94912620817931
اردبيل,اردبيل,مركزئ,172862,578237,295041,283196,34.9970417,50.289292719649126
اردبيل,اردبيل,هير,5659,19282,10111,9171,38.07823235,48.49835621374983
اردبيل,اردبيل,ثمرين,2452,8471,4350,4121,38.40698635,48.072588250178505
اردبيل,بيله سوار,مركزئ,8722,29111,14998,14113,34.9970417,50.289292719649126
اردبيل,بيله سوار,قشلاق دشت,6348,22146,11365,10781,39.366621699999996,47.908845636024814
اردبيل,خلخال,خورش رستم,4455,13839,6979,6860,37.2974418,48.43634919811814
اردبيل,خلخال,شاهرود,3977,11770,5927,5843,37.32307245,48.740866050424195
اردبيل,خلخال,مركزئ,18347,61122,30885,30237,34.9970417,50.289292719649126
اردبيل,مشگين شهر,ارشق,3226,10296,5197,5099,38.68514175,48.05994034937187
اردبيل,مشگين شهر,مركزئ,32434,107557,55456,52101,34.9970417,50.289292719649126
اردبيل,مشگين شهر,مشكين شرقي,4479,12663,6257,6406,38.3762723,47.6828369
اردبيل,مشگين شهر,مرادلو,2906,10032,5085,4947,38.7338022,47.645042524269755
اردبيل,مشگين شهر,قصابه,2954,9393,4846,4547,38.333928650000004,47.44991234386606
اردبيل,گرمي,انگوت,6549,22892,11733,11159,39.02788085,47.73284054987669
اردبيل,گرمي,مركزئ,12869,43990,22344,21646,34.9970417,50.289292719649126
اردبيل,گرمي,موران,2931,10019,4858,5161,39.080850049999995,48.26606581248595
اردبيل,پارس آباد,مركزئ,33527,118144,60616,57528,34.9970417,50.289292719649126
اردبيل,پارس آباد,اصلاندوز,8898,32506,17343,15163,39.37826135,47.556624198522975
اردبيل,پارس آباد,تازه كند,3684,13006,6842,6164,37.9797015,46.0007288
اردبيل,پارس آباد,اسلام آباد,3973,13944,7154,6790,39.49771045,47.68729906887643
اردبيل,كوثر,مركزئ,5197,17499,8928,8571,34.9970417,50.289292719649126
اردبيل,كوثر,فيروز,1389,4628,2378,2250,37.5866701,48.1928740897916
اردبيل,نمين,ويلكيج,7031,24945,13072,11873,#,#
اردبيل,نمين,مركزئ,7795,25910,13089,12821,34.9970417,50.289292719649126
اردبيل,نمين,عنبران,3010,9804,4923,4881,38.53009815,48.43878909002611
اردبيل,نير,مركزئ,3720,12190,6286,5904,34.9970417,50.289292719649126
اردبيل,نير,كوراييم,2644,8674,4559,4115,#,#
اردبيل,سرعين,مركزي,3879,13305,6974,6331,34.9970417,50.289292719649126
اردبيل,سرعين,سبلان,1459,4895,2579,2316,38.20975885,48.091911802685836
قم,قم,جعفراباد,5312,19063,9897,9166,34.9967553,58.0977515
قم,قم,خلجستان,2792,7207,3640,3567,34.6377291,50.27404909918752
قم,قم,مرکزي,365662,1235485,629357,606128,35.9929045,52.94912620817931
قم,قم,نوفل لوشاتو,6492,20588,10551,10037,34.36271875,50.88603085507795
قم,قم,سلفچگان,3272,9938,5093,4845,34.477029,50.511039045981136
قزوين,بوئين زهرا,رامند,5708,19087,9721,9366,35.75817175,49.74005504408471
قزوين,بوئين زهرا,شال,6609,23238,11946,11292,35.92651015,49.85237248893607
قزوين,بوئين زهرا,مركزئ,16779,55500,28331,27169,34.9970417,50.289292719649126
قزوين,بوئين زهرا,دشتابي,7718,25169,13082,12087,36.07792415,49.91941830350436
قزوين,تاكستان,اسفرورين,8453,29300,14955,14345,36.006929799999995,49.74688059261665
قزوين,تاكستان,خرمدشت,6520,20661,10548,10113,35.9294793,49.5117431
قزوين,تاكستان,ضياءآباد,6224,18918,9385,9533,35.96928415,49.33399509438183
قزوين,تاكستان,مركزئ,31720,103757,52993,50764,34.9970417,50.289292719649126
قزوين,قزوين,رودبارالموت شرقي,5133,13701,6946,6755,#,#
قزوين,قزوين,رودبارالموت غربي,7272,20896,10822,10074,#,#
قزوين,قزوين,طارم سفلي,8376,25160,13074,12086,36.56860854999999,49.278545685284826
قزوين,قزوين,مركزئ,161532,517952,263026,254926,34.9970417,50.289292719649126
قزوين,قزوين,كوهين,6146,19222,10036,9186,#,#
قزوين,آبيك,بشاريات,5136,16379,8622,7757,36.0068907,50.2818807804252
قزوين,آبيك,مركزئ,24098,78157,40507,37650,34.9970417,50.289292719649126
قزوين,البرز,محمديه,43898,138903,70674,68229,36.2608233,50.224741763898585
قزوين,البرز,مركزئ,32024,103962,53234,50728,34.9970417,50.289292719649126
قزوين,آوج,مرکزي,7984,25532,13229,12303,35.9929045,52.94912620817931
قزوين,آوج,آبگرم,5833,18265,9366,8899,35.68941845,49.36035850512714
گلستان,بندرگز,مركزئ,10671,32854,16483,16371,34.9970417,50.289292719649126
گلستان,بندرگز,نوكنده,4576,13276,6630,6646,#,#
گلستان,تركمن,مركزئ,17756,66520,33517,33003,34.9970417,50.289292719649126
گلستان,تركمن,سيجوال,3559,13458,6714,6744,36.87211655,54.13025368184169
گلستان,علي آباد,مركزئ,30060,97957,48786,49171,34.9970417,50.289292719649126
گلستان,علي آباد,كمالان,12664,42751,21598,21153,#,#
گلستان,كردكوئ,مركزئ,23510,71270,35970,35300,34.9970417,50.289292719649126
گلستان,گرگان,مركزئ,135537,432110,217261,214849,34.9970417,50.289292719649126
گلستان,گرگان,بهاران,15102,48409,24429,23980,36.84708655,54.66436680963963
گلستان,گنبدكاووس,داشلي برون,7225,27181,13678,13503,37.68453495,55.065090424740816
گلستان,گنبدكاووس,مركزئ,89646,320894,161402,159492,34.9970417,50.289292719649126
گلستان,مينودشت,مركزئ,18195,60367,30240,30127,34.9970417,50.289292719649126
گلستان,مينودشت,كوهسارات,4524,15116,7564,7552,#,#
گلستان,آق قلا,وشمگير,8388,30745,15389,15356,37.250851600000004,54.5047871956914
گلستان,آق قلا,مركزئ,27601,101988,51146,50842,34.9970417,50.289292719649126
گلستان,كلاله,مركزئ,25604,90342,45381,44961,34.9970417,50.289292719649126
گلستان,كلاله,پيشكمر,7394,26977,13455,13522,#,#
گلستان,آزادشهر,چشمه ساران,4837,15282,7733,7549,36.959178550000004,55.425487230206954
گلستان,آزادشهر,مركزئ,24127,81520,40650,40870,34.9970417,50.289292719649126
گلستان,راميان,فندرسك,10771,36472,18074,18398,#,#
گلستان,راميان,مركزئ,14807,49737,25008,24729,34.9970417,50.289292719649126
گلستان,مراوه تپه,مركزي,8141,31262,15550,15712,34.9970417,50.289292719649126
گلستان,مراوه تپه,گلي داغ,7806,28728,14351,14377,38.3409,47.1687
گلستان,گميشان,مركزي,9448,34751,17567,17184,34.9970417,50.289292719649126
گلستان,گميشان,گلدشت,9025,34021,17147,16874,37.133214499999994,54.33660015640529
گلستان,گاليكش,مرکزي,14112,47457,23807,23650,35.9929045,52.94912620817931
گلستان,گاليكش,لوه,4609,15716,7857,7859,37.36711455,55.757257842105076
خراسان شمالي,اسفراين,بام وصفي آباد,5642,16887,8140,8747,36.7986411,57.88890311613271
خراسان شمالي,اسفراين,مركزئ,30868,103603,52183,51420,34.9970417,50.289292719649126
خراسان شمالي,بجنورد,مركزئ,87427,300082,150636,149446,34.9970417,50.289292719649126
خراسان شمالي,بجنورد,گرمخان,7030,24001,12142,11859,37.6139317,57.40152107248768
خراسان شمالي,جاجرم,جلگه سنخواست,2201,6881,3393,3488,37.020374149999995,56.73943475020735
خراسان شمالي,جاجرم,جلگه شوقان,2935,8985,4432,4553,37.3128377,56.83089673470678
خراسان شمالي,جاجرم,مركزئ,6018,20807,10638,10169,34.9970417,50.289292719649126
خراسان شمالي,شيروان,سرحد,3386,11967,6201,5766,37.6650335,58.01125629424805
خراسان شمالي,شيروان,مركزئ,37420,123745,62122,61623,34.9970417,50.289292719649126
خراسان شمالي,شيروان,قوشخانه,3065,10423,5332,5091,37.789370250000005,57.75626006610044
خراسان شمالي,فاروج,خبوشان,4683,14669,7452,7217,37.42290495,58.26580739992478
خراسان شمالي,فاروج,مركزئ,10778,34574,17307,17267,34.9970417,50.289292719649126
خراسان شمالي,مانه وسملقان,سملقان,6738,21378,10831,10547,37.444109850000004,56.455888606719924
خراسان شمالي,مانه وسملقان,مانه,7218,26082,13120,12962,37.87764855,56.752572272074715
خراسان شمالي,مانه وسملقان,مركزئ,15350,53110,26874,26236,34.9970417,50.289292719649126
خراسان شمالي,گرمه,مركزي,7748,25475,12882,12593,34.9970417,50.289292719649126
خراسان شمالي,راز و جرگلان,مرکزي,5339,19559,9761,9798,35.9929045,52.94912620817931
خراسان شمالي,راز و جرگلان,غلامان,3418,11684,5824,5860,38.1119445,57.17345001553301
خراسان شمالي,راز و جرگلان,جرگلان,7146,27967,13753,14214,38.175100549999996,56.56662043283961
خراسان جنوبي,بيرجند,مركزئ,74657,261324,132182,129142,34.9970417,50.289292719649126
خراسان جنوبي,درميان,قهستان,4326,14295,7048,7247,33.13852,59.683857391106045
خراسان جنوبي,درميان,گزيك,3937,15869,8099,7770,#,#
خراسان جنوبي,درميان,مركزئ,6376,23550,11905,11645,34.9970417,50.289292719649126
خراسان جنوبي,سربيشه,مركزئ,5039,17755,8828,8927,34.9970417,50.289292719649126
خراسان جنوبي,سربيشه,مود,3945,12037,5876,6161,32.586568850000006,59.45698827469096
خراسان جنوبي,سربيشه,درح,3027,11167,5690,5477,32.351278199999996,60.555876125797624
خراسان جنوبي,قائنات,مركزئ,21798,73917,37437,36480,34.9970417,50.289292719649126
خراسان جنوبي,قائنات,نيمبلوك,6087,19791,9835,9956,#,#
خراسان جنوبي,قائنات,سده,6909,22473,11148,11325,30.6719448,52.1305239982633
خراسان جنوبي,نهبندان,شوسف,3726,12439,6253,6186,32.01837955,59.889907748903596
خراسان جنوبي,نهبندان,مركزئ,10459,39010,20025,18985,34.9970417,50.289292719649126
خراسان جنوبي,سرايان,آيسك,7849,24881,12452,12429,#,#
خراسان جنوبي,سرايان,سه قلعه,2480,8431,4177,4254,33.34630745,58.32813805056318
خراسان جنوبي,فردوس,مركزئ,14302,45523,22783,22740,34.9970417,50.289292719649126
خراسان جنوبي,بشرويه,مركزي,6237,20091,10142,9949,34.9970417,50.289292719649126
خراسان جنوبي,بشرويه,ارسك,2018,5973,2974,2999,33.635478,57.419925453236445
خراسان جنوبي,زيرکوه,مرکزي,5148,19713,10148,9565,35.9929045,52.94912620817931
خراسان جنوبي,زيرکوه,زهان,3310,10952,5467,5485,33.5201986,59.7348485144403
خراسان جنوبي,زيرکوه,شاسکوه,2720,9490,4803,4687,33.837008749999995,59.95619262557091
خراسان جنوبي,خوسف,مرکزي,4325,18248,11015,7233,35.9929045,52.94912620817931
خراسان جنوبي,خوسف,جلگه ماژان,3166,9351,4629,4722,32.0549024,58.65217150809413
خراسان جنوبي,طبس,دستگردان,3350,10255,5124,5131,34.52775905,56.69389653734822
خراسان جنوبي,طبس,مركزئ,15940,52528,26647,25881,34.9970417,50.289292719649126
خراسان جنوبي,طبس,ديهوك,2852,9834,5229,4605,32.9651856,57.028328161101214
البرز,کرج,مرکزي,617773,1956267,990891,965376,35.9929045,52.94912620817931
البرز,کرج,آسارا,5977,17150,8853,8297,36.0401841,51.1844826
البرز,ساوجبلاغ,مرکزي,47980,153675,78047,75628,35.9929045,52.94912620817931
البرز,ساوجبلاغ,چندار,9499,28841,14951,13890,36.00581855,50.92340866645482
البرز,ساوجبلاغ,چهارباغ,23430,77409,40499,36910,35.82595325,50.752897154537166
البرز,نظرآباد,مرکزي,40857,133712,68521,65191,35.9929045,52.94912620817931
البرز,نظرآباد,تنکمان,5800,18723,9752,8971,35.864448949999996,50.59935311092347
البرز,طالقان,مرکزي,3549,9476,4812,4664,35.9929045,52.94912620817931
البرز,طالقان,بالا طالقان,2805,7339,3668,3671,#,#
البرز,اشتهارد,مرکزي,10911,35250,18244,17006,35.9929045,52.94912620817931
البرز,اشتهارد,پلنگ آباد,819,2625,1360,1265,35.73108335,50.590939648317324
البرز,فرديس,مرکزي,61129,188129,94095,94034,35.9929045,52.94912620817931
البرز,فرديس,مشکين دشت,25490,83700,42587,41113,35.74036755,50.94438956356684
